START,STOP,PATIENT,ENCOUNTER,CODE,SYSTEM,DESCRIPTION,TYPE,CATEGORY,REACTION1,DESCRIPTION1,SEVERITY1,REACTION2,DESCRIPTION2,SEVERITY2
1973-08-23,,d225d14d-5afe-32fc-9d9d-a4c5a39cf58e,b588b2a6-897c-9288-f495-b9b10620f5d3,419199007,Unknown,Allergy to substance (finding),allergy,environment,,,,,,
1973-08-23,,d225d14d-5afe-32fc-9d9d-a4c5a39cf58e,b588b2a6-897c-9288-f495-b9b10620f5d3,1191,Unknown,Aspirin,allergy,medication,247472004,Wheal (finding),MODERATE,,,
1973-08-23,,d225d14d-5afe-32fc-9d9d-a4c5a39cf58e,b588b2a6-897c-9288-f495-b9b10620f5d3,442571000124108,Unknown,Tree nut (substance),allergy,food,39579001,Anaphylaxis (disorder),SEVERE,247472004,Wheal (finding),MODERATE
2015-06-22,,61c64975-a2f7-befc-26cf-efb47ca83daa,a911cbc4-66d3-f976-2ee4-478d4591e17d,419199007,Unknown,Allergy to substance (finding),allergy,environment,,,,,,
2015-06-22,,61c64975-a2f7-befc-26cf-efb47ca83daa,a911cbc4-66d3-f976-2ee4-478d4591e17d,288328004,Unknown,Bee venom (substance),allergy,environment,271807003,Eruption of skin (disorder),MODERATE,,,
2015-06-22,,61c64975-a2f7-befc-26cf-efb47ca83daa,a911cbc4-66d3-f976-2ee4-478d4591e17d,84489001,Unknown,Mold (organism),allergy,environment,21626009,Allergic skin rash,MILD,76067001,Sneezing,MILD
2015-06-22,,61c64975-a2f7-befc-26cf-efb47ca83daa,a911cbc4-66d3-f976-2ee4-478d4591e17d,260147004,Unknown,House dust mite (organism),allergy,environment,,,,,,
2015-06-22,,61c64975-a2f7-befc-26cf-efb47ca83daa,a911cbc4-66d3-f976-2ee4-478d4591e17d,264287008,Unknown,Animal dander (substance),allergy,environment,,,,,,
2015-06-22,,61c64975-a2f7-befc-26cf-efb47ca83daa,a911cbc4-66d3-f976-2ee4-478d4591e17d,256277009,Unknown,Grass pollen (substance),allergy,environment,,,,,,
2015-06-22,,61c64975-a2f7-befc-26cf-efb47ca83daa,a911cbc4-66d3-f976-2ee4-478d4591e17d,782576004,Unknown,Tree pollen (substance),allergy,environment,,,,,,
2015-06-22,,61c64975-a2f7-befc-26cf-efb47ca83daa,a911cbc4-66d3-f976-2ee4-478d4591e17d,412071004,Unknown,Wheat (substance),allergy,food,,,,,,
1971-04-09,,cb7d639c-cb95-6143-4227-c8bdb2ff7832,8631326a-9cc3-1200-3765-966b271285a6,419199007,Unknown,Allergy to substance (finding),allergy,environment,,,,,,
1971-04-09,,cb7d639c-cb95-6143-4227-c8bdb2ff7832,8631326a-9cc3-1200-3765-966b271285a6,735971005,Unknown,Fish (substance),allergy,food,271807003,Eruption of skin (disorder),MILD,878820003,Rhinoconjunctivitis (disorder),MILD
2021-12-26,,4d22a32b-095c-d833-e1a8-fdf3b667e7cb,b9b091ba-f19d-144d-49f0-20cc5fba585f,419199007,Unknown,Allergy to substance (finding),allergy,environment,,,,,,
2021-12-26,,4d22a32b-095c-d833-e1a8-fdf3b667e7cb,b9b091ba-f19d-144d-49f0-20cc5fba585f,288328004,Unknown,Bee venom (substance),allergy,environment,271807003,Eruption of skin (disorder),MODERATE,,,
2021-12-26,,4d22a32b-095c-d833-e1a8-fdf3b667e7cb,b9b091ba-f19d-144d-49f0-20cc5fba585f,84489001,Unknown,Mold (organism),allergy,environment,21626009,Allergic skin rash,MILD,,,
2021-12-26,,4d22a32b-095c-d833-e1a8-fdf3b667e7cb,b9b091ba-f19d-144d-49f0-20cc5fba585f,260147004,Unknown,House dust mite (organism),allergy,environment,,,,,,
2021-12-26,,4d22a32b-095c-d833-e1a8-fdf3b667e7cb,b9b091ba-f19d-144d-49f0-20cc5fba585f,264287008,Unknown,Animal dander (substance),allergy,environment,878820003,Rhinoconjunctivitis (disorder),MODERATE,247472004,Wheal (finding),MILD
2021-12-26,,4d22a32b-095c-d833-e1a8-fdf3b667e7cb,b9b091ba-f19d-144d-49f0-20cc5fba585f,256277009,Unknown,Grass pollen (substance),allergy,environment,,,,,,
2021-12-26,,4d22a32b-095c-d833-e1a8-fdf3b667e7cb,b9b091ba-f19d-144d-49f0-20cc5fba585f,782576004,Unknown,Tree pollen (substance),allergy,environment,,,,,,
2021-12-26,,4d22a32b-095c-d833-e1a8-fdf3b667e7cb,b9b091ba-f19d-144d-49f0-20cc5fba585f,1191,Unknown,Aspirin,allergy,medication,,,,,,
2021-12-26,,4d22a32b-095c-d833-e1a8-fdf3b667e7cb,b9b091ba-f19d-144d-49f0-20cc5fba585f,762952008,Unknown,Peanut (substance),allergy,food,402387002,Allergic angioedema (disorder),MODERATE,300359004,Finding of vomiting (finding),MILD
1990-12-25,,e4fc9097-f704-fca0-fb7b-6e6f716c06dd,a69e3160-87af-8a98-d788-2717ab43b632,419199007,Unknown,Allergy to substance (finding),allergy,environment,,,,,,
1990-12-25,,e4fc9097-f704-fca0-fb7b-6e6f716c06dd,a69e3160-87af-8a98-d788-2717ab43b632,264287008,Unknown,Animal dander (substance),allergy,environment,878820003,Rhinoconjunctivitis (disorder),MODERATE,247472004,Wheal (finding),MILD
1990-12-25,,e4fc9097-f704-fca0-fb7b-6e6f716c06dd,a69e3160-87af-8a98-d788-2717ab43b632,782576004,Unknown,Tree pollen (substance),allergy,environment,,,,,,
1990-12-25,,e4fc9097-f704-fca0-fb7b-6e6f716c06dd,a69e3160-87af-8a98-d788-2717ab43b632,7984,Unknown,Penicillin V,allergy,medication,,,,,,
2003-08-04,,2564f91f-4a75-154c-95b0-6ac802f7dc64,e86251cb-05a1-e2de-eaf4-542b777f8404,419199007,Unknown,Allergy to substance (finding),allergy,environment,,,,,,
2003-08-04,,2564f91f-4a75-154c-95b0-6ac802f7dc64,e86251cb-05a1-e2de-eaf4-542b777f8404,1191,Unknown,Aspirin,allergy,medication,,,,,,
2003-08-04,,2564f91f-4a75-154c-95b0-6ac802f7dc64,e86251cb-05a1-e2de-eaf4-542b777f8404,735029006,Unknown,Shellfish (substance),allergy,food,271807003,Eruption of skin (disorder),MODERATE,247472004,Wheal (finding),MILD
1979-03-27,,bb8fd290-8580-5a13-d943-bbcee1b50686,e3e1d4a5-66e9-6167-1338-686fb17ba680,419199007,Unknown,Allergy to substance (finding),allergy,environment,,,,,,
1979-03-27,,bb8fd290-8580-5a13-d943-bbcee1b50686,e3e1d4a5-66e9-6167-1338-686fb17ba680,84489001,Unknown,Mold (organism),allergy,environment,,,,,,
1979-03-27,,bb8fd290-8580-5a13-d943-bbcee1b50686,e3e1d4a5-66e9-6167-1338-686fb17ba680,762952008,Unknown,Peanut (substance),allergy,food,,,,,,
1998-04-24,,bb204471-a759-2d20-a41e-6dbb6d4ecc6e,79b89034-985c-adc5-d99d-99d1e9e8b122,419199007,Unknown,Allergy to substance (finding),allergy,environment,,,,,,
1998-04-24,,bb204471-a759-2d20-a41e-6dbb6d4ecc6e,79b89034-985c-adc5-d99d-99d1e9e8b122,260147004,Unknown,House dust mite (organism),allergy,environment,,,,,,
1998-04-24,,bb204471-a759-2d20-a41e-6dbb6d4ecc6e,79b89034-985c-adc5-d99d-99d1e9e8b122,29046,Unknown,Lisinopril,intolerance,medication,,,,,,
1998-04-24,,bb204471-a759-2d20-a41e-6dbb6d4ecc6e,79b89034-985c-adc5-d99d-99d1e9e8b122,102263004,Unknown,Eggs (edible) (substance),allergy,food,,,,,,
1962-10-08,,7dfd0898-8eab-ebcc-e9f9-24d3cb044ba0,b1d7d7e1-1076-a4b8-cd10-f2e5dbe9a296,419199007,Unknown,Allergy to substance (finding),allergy,environment,,,,,,
1962-10-08,,7dfd0898-8eab-ebcc-e9f9-24d3cb044ba0,b1d7d7e1-1076-a4b8-cd10-f2e5dbe9a296,84489001,Unknown,Mold (organism),allergy,environment,267101005,Nose running,MILD,,,
1962-10-08,,7dfd0898-8eab-ebcc-e9f9-24d3cb044ba0,b1d7d7e1-1076-a4b8-cd10-f2e5dbe9a296,260147004,Unknown,House dust mite (organism),allergy,environment,,,,,,
1962-10-08,,7dfd0898-8eab-ebcc-e9f9-24d3cb044ba0,b1d7d7e1-1076-a4b8-cd10-f2e5dbe9a296,264287008,Unknown,Animal dander (substance),allergy,environment,878820003,Rhinoconjunctivitis (disorder),MODERATE,,,
1962-10-08,,7dfd0898-8eab-ebcc-e9f9-24d3cb044ba0,b1d7d7e1-1076-a4b8-cd10-f2e5dbe9a296,256277009,Unknown,Grass pollen (substance),allergy,environment,,,,,,
1962-10-08,,7dfd0898-8eab-ebcc-e9f9-24d3cb044ba0,b1d7d7e1-1076-a4b8-cd10-f2e5dbe9a296,782576004,Unknown,Tree pollen (substance),allergy,environment,,,,,,
1970-09-07,,5cf330bf-2f25-ebdf-c805-724235e8a534,deb4134e-f4d8-de1b-de30-c92586fa6d80,419199007,Unknown,Allergy to substance (finding),allergy,environment,,,,,,
1970-09-07,,5cf330bf-2f25-ebdf-c805-724235e8a534,deb4134e-f4d8-de1b-de30-c92586fa6d80,84489001,Unknown,Mold (organism),allergy,environment,267101005,Nose running,MILD,,,
1970-09-07,,5cf330bf-2f25-ebdf-c805-724235e8a534,deb4134e-f4d8-de1b-de30-c92586fa6d80,260147004,Unknown,House dust mite (organism),allergy,environment,,,,,,
1970-09-07,,5cf330bf-2f25-ebdf-c805-724235e8a534,deb4134e-f4d8-de1b-de30-c92586fa6d80,264287008,Unknown,Animal dander (substance),allergy,environment,878820003,Rhinoconjunctivitis (disorder),MODERATE,247472004,Wheal (finding),MILD
1970-09-07,,5cf330bf-2f25-ebdf-c805-724235e8a534,deb4134e-f4d8-de1b-de30-c92586fa6d80,256277009,Unknown,Grass pollen (substance),allergy,environment,,,,,,
1970-09-07,,5cf330bf-2f25-ebdf-c805-724235e8a534,deb4134e-f4d8-de1b-de30-c92586fa6d80,29046,Unknown,Lisinopril,intolerance,medication,,,,,,
1970-09-07,,5cf330bf-2f25-ebdf-c805-724235e8a534,deb4134e-f4d8-de1b-de30-c92586fa6d80,1191,Unknown,Aspirin,allergy,medication,247472004,Wheal (finding),MODERATE,21522001,Abdominal pain (finding),MODERATE
1988-03-02,,10d8a3fc-024f-ba1e-ac69-6eaff2b386ef,401029d0-9794-0f0e-55d7-5bfec21fc028,419199007,Unknown,Allergy to substance (finding),allergy,environment,,,,,,
1988-03-02,,10d8a3fc-024f-ba1e-ac69-6eaff2b386ef,401029d0-9794-0f0e-55d7-5bfec21fc028,29046,Unknown,Lisinopril,intolerance,medication,,,,,,
1954-04-14,,f4bb2637-8130-5aa7-ceb4-cf5100549d0a,10732929-1c2d-48d3-ca94-427cb39d55cf,419199007,Unknown,Allergy to substance (finding),allergy,environment,,,,,,
1954-04-14,,f4bb2637-8130-5aa7-ceb4-cf5100549d0a,10732929-1c2d-48d3-ca94-427cb39d55cf,288328004,Unknown,Bee venom (substance),allergy,environment,,,,,,
1954-04-14,,f4bb2637-8130-5aa7-ceb4-cf5100549d0a,10732929-1c2d-48d3-ca94-427cb39d55cf,84489001,Unknown,Mold (organism),allergy,environment,,,,,,
1954-04-14,,f4bb2637-8130-5aa7-ceb4-cf5100549d0a,10732929-1c2d-48d3-ca94-427cb39d55cf,260147004,Unknown,House dust mite (organism),allergy,environment,,,,,,
1954-04-14,,f4bb2637-8130-5aa7-ceb4-cf5100549d0a,10732929-1c2d-48d3-ca94-427cb39d55cf,264287008,Unknown,Animal dander (substance),allergy,environment,878820003,Rhinoconjunctivitis (disorder),MODERATE,271807003,Eruption of skin (disorder),MILD
1954-04-14,,f4bb2637-8130-5aa7-ceb4-cf5100549d0a,10732929-1c2d-48d3-ca94-427cb39d55cf,256277009,Unknown,Grass pollen (substance),allergy,environment,,,,,,
1954-04-14,,f4bb2637-8130-5aa7-ceb4-cf5100549d0a,10732929-1c2d-48d3-ca94-427cb39d55cf,782576004,Unknown,Tree pollen (substance),allergy,environment,,,,,,
1954-04-14,,f4bb2637-8130-5aa7-ceb4-cf5100549d0a,10732929-1c2d-48d3-ca94-427cb39d55cf,7984,Unknown,Penicillin V,allergy,medication,878820003,Rhinoconjunctivitis (disorder),MODERATE,,,
1992-07-06,,b244d132-2a9a-af69-04b1-ba26a1ec385f,c72eaba9-cc6d-571f-c294-bdae472e3e9e,419199007,Unknown,Allergy to substance (finding),allergy,environment,,,,,,
1992-07-06,,b244d132-2a9a-af69-04b1-ba26a1ec385f,c72eaba9-cc6d-571f-c294-bdae472e3e9e,1191,Unknown,Aspirin,allergy,medication,,,,,,
2022-07-08,,90bb89d1-d976-b7c8-f2ba-12f2888524f0,61fe770f-a545-ee34-118c-da10a1cec560,419199007,Unknown,Allergy to substance (finding),allergy,environment,,,,,,
2022-07-08,,90bb89d1-d976-b7c8-f2ba-12f2888524f0,61fe770f-a545-ee34-118c-da10a1cec560,29046,Unknown,Lisinopril,intolerance,medication,267036007,Dyspnea (finding),MODERATE,,,
2022-07-08,,90bb89d1-d976-b7c8-f2ba-12f2888524f0,61fe770f-a545-ee34-118c-da10a1cec560,1191,Unknown,Aspirin,allergy,medication,39579001,Anaphylaxis (disorder),SEVERE,,,
1979-03-26,,5b1bc15e-47c6-d41f-4dbe-f420f37d7b8f,f9926c6b-c881-1e79-8ce7-c04f21940771,419199007,Unknown,Allergy to substance (finding),allergy,environment,,,,,,
1979-03-26,,5b1bc15e-47c6-d41f-4dbe-f420f37d7b8f,f9926c6b-c881-1e79-8ce7-c04f21940771,111088007,Unknown,Latex (substance),allergy,environment,247472004,Wheal (finding),MILD,,,
1979-03-26,,5b1bc15e-47c6-d41f-4dbe-f420f37d7b8f,f9926c6b-c881-1e79-8ce7-c04f21940771,288328004,Unknown,Bee venom (substance),allergy,environment,,,,,,
1979-03-26,,5b1bc15e-47c6-d41f-4dbe-f420f37d7b8f,f9926c6b-c881-1e79-8ce7-c04f21940771,84489001,Unknown,Mold (organism),allergy,environment,21626009,Allergic skin rash,MILD,,,
1979-03-26,,5b1bc15e-47c6-d41f-4dbe-f420f37d7b8f,f9926c6b-c881-1e79-8ce7-c04f21940771,260147004,Unknown,House dust mite (organism),allergy,environment,,,,,,
1979-03-26,,5b1bc15e-47c6-d41f-4dbe-f420f37d7b8f,f9926c6b-c881-1e79-8ce7-c04f21940771,264287008,Unknown,Animal dander (substance),allergy,environment,878820003,Rhinoconjunctivitis (disorder),MODERATE,247472004,Wheal (finding),MILD
1979-03-26,,5b1bc15e-47c6-d41f-4dbe-f420f37d7b8f,f9926c6b-c881-1e79-8ce7-c04f21940771,256277009,Unknown,Grass pollen (substance),allergy,environment,,,,,,
1979-03-26,,5b1bc15e-47c6-d41f-4dbe-f420f37d7b8f,f9926c6b-c881-1e79-8ce7-c04f21940771,782576004,Unknown,Tree pollen (substance),allergy,environment,,,,,,
1979-03-26,,5b1bc15e-47c6-d41f-4dbe-f420f37d7b8f,f9926c6b-c881-1e79-8ce7-c04f21940771,3718001,Unknown,Cow's milk (substance),allergy,food,,,,,,
1979-03-26,,5b1bc15e-47c6-d41f-4dbe-f420f37d7b8f,f9926c6b-c881-1e79-8ce7-c04f21940771,102263004,Unknown,Eggs (edible) (substance),allergy,food,,,,,,
1992-09-11,,e84c9797-ab44-a413-f896-a9ffcfa4e044,569773b9-6397-76be-0227-8526009d7fbe,419199007,Unknown,Allergy to substance (finding),allergy,environment,,,,,,
1992-09-11,,e84c9797-ab44-a413-f896-a9ffcfa4e044,569773b9-6397-76be-0227-8526009d7fbe,84489001,Unknown,Mold (organism),allergy,environment,,,,,,
1992-09-11,,e84c9797-ab44-a413-f896-a9ffcfa4e044,569773b9-6397-76be-0227-8526009d7fbe,260147004,Unknown,House dust mite (organism),allergy,environment,,,,,,
1992-09-11,,e84c9797-ab44-a413-f896-a9ffcfa4e044,569773b9-6397-76be-0227-8526009d7fbe,264287008,Unknown,Animal dander (substance),allergy,environment,878820003,Rhinoconjunctivitis (disorder),MODERATE,,,
1992-09-11,,e84c9797-ab44-a413-f896-a9ffcfa4e044,569773b9-6397-76be-0227-8526009d7fbe,782576004,Unknown,Tree pollen (substance),allergy,environment,,,,,,
1992-09-11,,e84c9797-ab44-a413-f896-a9ffcfa4e044,569773b9-6397-76be-0227-8526009d7fbe,3718001,Unknown,Cow's milk (substance),allergy,food,,,,,,
1992-09-11,,e84c9797-ab44-a413-f896-a9ffcfa4e044,569773b9-6397-76be-0227-8526009d7fbe,442571000124108,Unknown,Tree nut (substance),allergy,food,247472004,Wheal (finding),MODERATE,267036007,Dyspnea (finding),MODERATE
2011-09-03,,e64b9e88-ad81-f797-ee6d-30757088d685,09b53859-9fb8-d2e5-c50e-9aa3a370ff47,419199007,Unknown,Allergy to substance (finding),allergy,environment,,,,,,
2011-09-03,,e64b9e88-ad81-f797-ee6d-30757088d685,09b53859-9fb8-d2e5-c50e-9aa3a370ff47,111088007,Unknown,Latex (substance),allergy,environment,402387002,Allergic angioedema (disorder),MODERATE,247472004,Wheal (finding),MILD
2011-09-03,,e64b9e88-ad81-f797-ee6d-30757088d685,09b53859-9fb8-d2e5-c50e-9aa3a370ff47,288328004,Unknown,Bee venom (substance),allergy,environment,271807003,Eruption of skin (disorder),MODERATE,,,
2011-09-03,,e64b9e88-ad81-f797-ee6d-30757088d685,09b53859-9fb8-d2e5-c50e-9aa3a370ff47,84489001,Unknown,Mold (organism),allergy,environment,21626009,Allergic skin rash,MILD,,,
2011-09-03,,e64b9e88-ad81-f797-ee6d-30757088d685,09b53859-9fb8-d2e5-c50e-9aa3a370ff47,260147004,Unknown,House dust mite (organism),allergy,environment,,,,,,
2011-09-03,,e64b9e88-ad81-f797-ee6d-30757088d685,09b53859-9fb8-d2e5-c50e-9aa3a370ff47,264287008,Unknown,Animal dander (substance),allergy,environment,878820003,Rhinoconjunctivitis (disorder),MODERATE,49727002,Cough (finding),MODERATE
2011-09-03,,e64b9e88-ad81-f797-ee6d-30757088d685,09b53859-9fb8-d2e5-c50e-9aa3a370ff47,256277009,Unknown,Grass pollen (substance),allergy,environment,,,,,,
2011-09-03,,e64b9e88-ad81-f797-ee6d-30757088d685,09b53859-9fb8-d2e5-c50e-9aa3a370ff47,782576004,Unknown,Tree pollen (substance),allergy,environment,,,,,,
2011-09-03,,e64b9e88-ad81-f797-ee6d-30757088d685,09b53859-9fb8-d2e5-c50e-9aa3a370ff47,3718001,Unknown,Cow's milk (substance),allergy,food,247472004,Wheal (finding),MILD,,,
2011-09-03,,e64b9e88-ad81-f797-ee6d-30757088d685,09b53859-9fb8-d2e5-c50e-9aa3a370ff47,412071004,Unknown,Wheat (substance),allergy,food,,,,,,
2011-09-03,,e64b9e88-ad81-f797-ee6d-30757088d685,09b53859-9fb8-d2e5-c50e-9aa3a370ff47,735971005,Unknown,Fish (substance),allergy,food,267036007,Dyspnea (finding),MODERATE,271807003,Eruption of skin (disorder),MILD
2007-01-27,,670ed32d-9d4b-3c5d-413c-9909b7251bbc,fdeeb739-4941-0c49-8991-3c47f23f8199,419199007,Unknown,Allergy to substance (finding),allergy,environment,,,,,,
