Id,START,STOP,PATIENT,ENCOUNTER,CODE,DESCRIPTION,REASONCODE,REASONDESCRIPTION
690fa0d6-73b3-a8ad-1dc4-f051a2e33584,2023-09-18,2024-05-01,cb7d07de-0190-39fe-aa00-a3e5285399f4,fb9f0908-5b5f-8e50-1ad5-51e2fa93b73f,134435003,Routine antenatal care,,
0906df40-c111-9cbf-cee2-953934485776,2025-05-16,,0d9cd8c7-2834-2270-fdb5-89cc91961fbe,c0189b1a-6b3e-920d-0677-b7b0a6c044d2,734163000,Care plan (record artifact),78275009,Obstructive sleep apnea syndrome (disorder)
983e94de-7685-d54d-742c-938dc0e9eeae,2014-03-31,,928bf3ee-fd79-c664-fb75-f372fb2bb1c3,eaee29be-2f34-446f-9d69-f6dae30ee487,276239002,Therapy (regime/therapy),,
a84903a7-05e3-7fc9-a05d-a041585072d7,2024-06-06,,928bf3ee-fd79-c664-fb75-f372fb2bb1c3,1ea2e6c3-e7c0-3cf5-0b68-39ae4a126170,443402002,Lifestyle education regarding hypertension,59621000,Essential hypertension (disorder)
a234d38d-1cd6-fc00-5e78-720416bcc216,2014-03-20,,0a2c6aab-739a-a71d-bb5b-c3e86e1483b3,6961eab7-dbb8-ec9e-3d33-b85e0ac9e4a1,276239002,Therapy (regime/therapy),,
e8cadaad-8039-49c4-b797-ec225f30579e,2023-04-07,,0a2c6aab-739a-a71d-bb5b-c3e86e1483b3,66d3ca69-bfc3-42ba-9b04-3cbe3502f76f,698360004,Diabetes self management plan,15777000,Prediabetes
4e1740d9-b756-e803-2fa6-912955c0c151,1973-07-26,,d225d14d-5afe-32fc-9d9d-a4c5a39cf58e,a849664e-2689-d011-879f-0ca096d65381,384758001,Self-care interventions (procedure),,
7a8333e3-3da7-a8a4-c325-e017e3169e50,2002-11-07,,d225d14d-5afe-32fc-9d9d-a4c5a39cf58e,41321185-c520-848a-4cb4-b5eb6575f4ed,412776001,Chronic obstructive pulmonary disease clinical management plan,185086009,Chronic obstructive bronchitis (disorder)
ae0ca451-81ba-20ef-ca51-98b320a35baf,2020-09-17,,d225d14d-5afe-32fc-9d9d-a4c5a39cf58e,bea39435-a7d0-21df-df82-5b2046c19819,736285004,Hyperlipidemia clinical management plan,55822004,Hyperlipidemia
bed8355c-f662-8ea4-550f-df85f9c7ec33,1959-01-03,1959-03-07,8933bcce-7d5c-86e5-fb14-2339146314de,56b71e5f-4fd7-06c1-698c-7821b058cdc3,408869004,Musculoskeletal care,,
f3fd3b70-0adb-cbf7-877c-4597f8788038,1976-02-24,1976-09-28,8933bcce-7d5c-86e5-fb14-2339146314de,a8c70ffd-473b-bd68-7f60-be8891f2863f,134435003,Routine antenatal care,,
4fc423cb-6622-68dd-e261-ce27c619fc5c,1980-02-05,1980-09-16,8933bcce-7d5c-86e5-fb14-2339146314de,886c3af9-882d-4e1b-d62c-269651669bb3,134435003,Routine antenatal care,,
f54d3f5f-9b11-496c-70b7-f5fffe9e382d,1988-03-08,1988-10-25,8933bcce-7d5c-86e5-fb14-2339146314de,0f526321-e30a-a0d1-74a7-f8ed229187b7,134435003,Routine antenatal care,,
37f6a5eb-2359-ffd9-69ca-0238d0691958,1990-04-17,,8933bcce-7d5c-86e5-fb14-2339146314de,91efa527-15a7-f8d0-35a6-c435cc39c4c4,134435003,Routine antenatal care,,
6ce96346-a3b6-7594-f5e3-9e568211d62d,2015-08-07,,8933bcce-7d5c-86e5-fb14-2339146314de,79217e94-a1b5-4403-25cc-c43d2fbebc14,408869004,Musculoskeletal care,201834006,Localized  primary osteoarthritis of the hand
83223fdc-07a1-a939-22bd-4213d195c2e6,2018-03-27,,8933bcce-7d5c-86e5-fb14-2339146314de,53230ea0-4b15-35f0-7627-7b3f664883fa,443402002,Lifestyle education regarding hypertension,59621000,Essential hypertension (disorder)
084c7612-4a41-114e-aa94-bda23b117b62,2001-12-29,2002-04-14,71ca92c1-b5ac-7845-1be6-287dc991577c,fe4bc857-613d-e4cb-4686-3765cb112507,53950000,Respiratory therapy,,
bc86c05c-71ac-e232-fb9e-eba4a75a47b7,2002-07-28,2002-10-13,71ca92c1-b5ac-7845-1be6-287dc991577c,7da904d0-dbef-e3de-a4d6-f2db6ecbf536,53950000,Respiratory therapy,,
5fd7b4bd-0a2c-b845-3d80-9b24642d9d24,2023-01-27,,71ca92c1-b5ac-7845-1be6-287dc991577c,990b7870-4842-8889-d2fb-653aafdb6d04,53950000,Respiratory therapy,,
57398a45-0f09-bcb0-1244-1c41e856edfc,2015-04-20,,3158818b-e34d-72dd-0a16-09c8d1738237,bcf446db-ddf5-e2a5-7a12-9166d0314d16,734163000,Care plan (record artifact),,
a6851da4-bfe3-23ca-3ad2-3322d71b1878,2024-05-11,,3158818b-e34d-72dd-0a16-09c8d1738237,d5c28dc6-02eb-6356-cd3b-ce8770821ae3,699728000,Asthma self management,195967001,Asthma
def308fc-46d9-91fb-6bf2-2fd440a4c3e8,2015-06-06,,61c64975-a2f7-befc-26cf-efb47ca83daa,9bee896b-991b-1845-83cf-e811a4bb770b,384758001,Self-care interventions (procedure),,
7a277e92-de77-353e-062b-f236ab3409dc,2024-09-22,2025-01-12,61c64975-a2f7-befc-26cf-efb47ca83daa,470c4159-6a8a-d7ce-1531-0c0096efafd5,385691007,Fracture care,16114001,Fracture of ankle
85a84cb3-ef9c-50d8-bd0a-90c07021a057,2025-01-18,2025-03-15,61c64975-a2f7-befc-26cf-efb47ca83daa,a37388c8-fd04-a109-86d0-afd2138a8370,53950000,Respiratory therapy,,
2bda0a7c-f7bb-d752-b71e-c19a9c1e0db7,1971-03-29,,cb7d639c-cb95-6143-4227-c8bdb2ff7832,77c8ba76-de3b-5731-a05b-2d25b9ffd9c0,384758001,Self-care interventions (procedure),,
16f2cad7-ac45-1f4c-03fb-f4f382f7fe67,2021-04-20,,cb7d639c-cb95-6143-4227-c8bdb2ff7832,96945243-e2b0-846d-58dd-89f826d828d4,698360004,Diabetes self management plan,15777000,Prediabetes
f27d9c00-3749-b983-b788-a65d0d57454b,2002-06-13,,e174aebd-f34e-da65-68da-44215f60e15d,e73eab02-8e0d-51fd-35b7-06f4f04b18b9,698360004,Diabetes self management plan,15777000,Prediabetes
1a393ff9-cd80-cdca-139b-8370c962c792,2008-06-19,,e174aebd-f34e-da65-68da-44215f60e15d,c740a25f-5887-1a41-18bf-f19dfb004795,443402002,Lifestyle education regarding hypertension,59621000,Essential hypertension (disorder)
c428a27e-eed3-53e6-600f-10a37bee0a61,2021-12-09,,4d22a32b-095c-d833-e1a8-fdf3b667e7cb,a43ab0f1-bab3-5341-95cc-621f3e715256,384758001,Self-care interventions (procedure),,
092b55d9-480a-cf99-0812-95d81d95a40a,2022-03-20,,4d22a32b-095c-d833-e1a8-fdf3b667e7cb,1370c08e-d6bc-0778-e90a-32e90c19cd74,711282006,Skin condition care,24079001,Atopic dermatitis
12e7da96-c841-ea2e-5a2a-89ec5494a21b,2024-12-31,,4d22a32b-095c-d833-e1a8-fdf3b667e7cb,687c8057-55ba-fc8a-2be9-366b18159cfc,699728000,Asthma self management,233678006,Childhood asthma
f8fb889b-6385-55fe-3d26-de58f363a944,1982-04-15,,e4fc9097-f704-fca0-fb7b-6e6f716c06dd,93a439db-32d8-eb85-755c-8726940e270d,443402002,Lifestyle education regarding hypertension,59621000,Essential hypertension (disorder)
9ca2f0da-68ca-5535-cc23-3090dbbc4b62,1990-12-25,,e4fc9097-f704-fca0-fb7b-6e6f716c06dd,a69e3160-87af-8a98-d788-2717ab43b632,384758001,Self-care interventions (procedure),,
5e47eeb0-c24f-c8c4-df02-5373b5bee156,1996-08-08,,e4fc9097-f704-fca0-fb7b-6e6f716c06dd,31f27bcf-0312-605a-f91f-f095c0a94778,698360004,Diabetes self management plan,15777000,Prediabetes
c46fed19-d220-2ae0-c2be-08f115f4f6c3,2000-05-21,,e4fc9097-f704-fca0-fb7b-6e6f716c06dd,cc6c5a93-2c7e-9d4d-6fa0-9e059c43f898,736690008,Dialysis care plan (record artifact),,
6ce22a7d-e0ff-c052-3311-48f2aba14e2a,2004-08-15,,e4fc9097-f704-fca0-fb7b-6e6f716c06dd,dedb3b60-f034-2c50-fb76-733cef300f6f,734163000,Care plan (record artifact),,
42f7e4e2-9ca8-560a-3799-96b58a8a56f5,2001-03-22,,501c2f59-4465-ae23-d53a-7b37ccad8d1d,73a06591-53e6-ebdd-a8e8-0224342df99e,443402002,Lifestyle education regarding hypertension,59621000,Essential hypertension (disorder)
7cd4d407-cf08-ddc9-dd16-af865364641d,2003-07-23,,2564f91f-4a75-154c-95b0-6ac802f7dc64,b59c6d20-118d-cc9b-eec8-7ae7dc5402ca,384758001,Self-care interventions (procedure),,
ad5b1c71-cd4e-95f6-2559-a932477b86a0,1979-03-11,,bb8fd290-8580-5a13-d943-bbcee1b50686,46d8c757-556d-1f9e-cfad-87919496dc06,384758001,Self-care interventions (procedure),,
c7bafaab-6138-55cd-9a9b-23c37253f691,2024-08-09,,2564f91f-4a75-154c-95b0-6ac802f7dc64,b13e700c-5a33-8ca6-193c-2f82317fb4c5,734163000,Care Plan,,
f8dd91b4-743b-1aff-bc82-c4b36bb6e849,1990-12-04,,5a21faff-17ab-819f-e931-fbd8d101541d,51f314d4-ed1f-3273-5395-50a480dbb3ec,698360004,Diabetes self management plan,15777000,Prediabetes
117b7651-93f9-306c-950a-21d8d157d308,1999-05-29,,5a21faff-17ab-819f-e931-fbd8d101541d,5fe46718-f43b-f683-6905-161eb7ff9583,408869004,Musculoskeletal care,201834006,Localized  primary osteoarthritis of the hand
7cb9de32-428e-20ff-412a-525e6151bb3b,2000-12-05,,5a21faff-17ab-819f-e931-fbd8d101541d,1f91ddfc-0dd6-4e48-efa1-7bb901aa5906,443402002,Lifestyle education regarding hypertension,59621000,Essential hypertension (disorder)
1e35198e-c4a8-abef-ba81-0b70450bf902,1990-11-23,2022-03-02,6c57731a-38a5-c620-e88f-add2e2f00ca2,a582e1d3-c773-e5ee-8652-9171f99d80fe,718347000,Mental health care plan,36923009,Major depression  single episode
7ead009c-f0e9-e1e5-bf01-1c959aa77997,1999-12-24,,6c57731a-38a5-c620-e88f-add2e2f00ca2,4a023e9b-a874-71a4-5c61-a524822aafee,698360004,Diabetes self management plan,15777000,Prediabetes
83d5472e-713f-288d-e922-702495de2bbf,2017-03-06,,6c57731a-38a5-c620-e88f-add2e2f00ca2,e1d554e8-f412-73e5-a96a-1dd0035327e8,182964004,Terminal care,424132000,Non-small cell carcinoma of lung  TNM stage 1 (disorder)
cd9fe246-a98c-85df-0421-b81341ce0566,2013-09-16,,37a53aa4-8755-8332-8207-ecc6a6a54b31,0c59cba4-0ee4-4703-0f81-1ea0788831e7,698360004,Diabetes self management plan,15777000,Prediabetes
ff54065e-b7aa-5335-8e0f-5ffec342ca56,2023-03-20,,37a53aa4-8755-8332-8207-ecc6a6a54b31,6535c4d1-9121-8d84-0583-2f70e6d14b89,443402002,Lifestyle education regarding hypertension,59621000,Essential hypertension (disorder)
2745e92f-9ee6-b3af-c760-200ea63e53bd,2022-01-15,,6c57731a-38a5-c620-e88f-add2e2f00ca2,ff2a2bf5-34d7-9165-6ce0-25554f495804,736254008,Psychiatry care plan,47505003,Posttraumatic stress disorder
822086be-7781-8c1a-30aa-d5e67daa84b6,1998-04-13,,bb204471-a759-2d20-a41e-6dbb6d4ecc6e,8d9ade3a-d707-d914-9fe6-e33d0c0109dd,384758001,Self-care interventions (procedure),,
ca843ab8-fd83-e3e8-b761-cec0c3ef7ad7,2015-03-03,,bb204471-a759-2d20-a41e-6dbb6d4ecc6e,b0a2f151-e476-4c23-0754-e6ea8f8b429b,276239002,Therapy (regime/therapy),,
e7a9b1b3-7cf6-df11-aa60-c0ee03567871,2016-02-15,,bb204471-a759-2d20-a41e-6dbb6d4ecc6e,ab8b225d-41a6-7c46-8467-143b909d2050,698360004,Diabetes self management plan,15777000,Prediabetes
c89ab03b-e7ba-3c60-44fc-3968cc01d0b5,2024-03-31,2024-04-07,bb204471-a759-2d20-a41e-6dbb6d4ecc6e,cca3e303-9613-9d60-4653-1d60aea3f493,773593000,Urology care plan (record artifact),301011002,Escherichia coli urinary tract infection
0947d13f-d839-741b-f9e0-265b9b1fd20c,1996-08-25,,c1bc33cc-d343-f5d2-76d9-21300687a96c,b16ce696-465e-2d9d-e210-22a08e6c3142,736254008,Psychiatry care plan,370143000,Major depression disorder
07672d65-7412-77d9-e28e-5fbf5a7c884a,1999-09-12,,c1bc33cc-d343-f5d2-76d9-21300687a96c,5d78baaf-7464-fedc-9460-8108f0dfd8a4,698360004,Diabetes self management plan,15777000,Prediabetes
cf0c679b-dc79-ca31-a9ec-cde9af04e461,2014-04-27,,c1bc33cc-d343-f5d2-76d9-21300687a96c,a933ac55-1f96-f95a-cb54-5a3909ab831c,276239002,Therapy (regime/therapy),,
51e5f8a9-0917-cde9-ed03-48e3c949548b,1995-10-16,1996-05-20,0b2b64a5-e920-332e-0a14-e6e6fcb5d0ca,ff690dcd-ddb2-1425-f2f8-2db6a36fe34d,134435003,Routine antenatal care,,
7dda1050-69a9-d43c-ba9d-d0dc91824161,2002-11-25,2003-07-02,0b2b64a5-e920-332e-0a14-e6e6fcb5d0ca,15504460-c910-bef9-0b35-5ed14b0e8ae7,134435003,Routine antenatal care,,
f0ea3588-d8db-73bd-50aa-326a608c1309,2008-10-13,2009-05-18,0b2b64a5-e920-332e-0a14-e6e6fcb5d0ca,d6e3d4b1-cab5-3fe2-8ce8-1c6cec64dfd3,134435003,Routine antenatal care,,
79a2445b-6dd4-21f2-8106-871541458201,2010-05-03,2010-11-29,0b2b64a5-e920-332e-0a14-e6e6fcb5d0ca,9c60fab0-6359-4648-0994-ce62a628abf0,134435003,Routine antenatal care,,
d2eba515-30b5-d6ec-f616-5c67d4e6c0d6,2011-04-18,2011-11-14,0b2b64a5-e920-332e-0a14-e6e6fcb5d0ca,94c25e5d-114d-9548-a492-28c09cff5e5d,134435003,Routine antenatal care,,
b0332eab-5d42-47c9-57fd-cc82c310d6d7,2014-04-02,,0b2b64a5-e920-332e-0a14-e6e6fcb5d0ca,405706ed-13a5-45f7-9993-98ea24827f9b,276239002,Therapy (regime/therapy),,
b1bf6672-7da1-9678-e4bb-9af97b050e63,2019-07-29,2020-03-09,0b2b64a5-e920-332e-0a14-e6e6fcb5d0ca,88dec1a7-c10c-5ebf-616d-c30e51a5ea0d,134435003,Routine antenatal care,,
7af82b9b-a76a-d8a3-a90e-60dc75b030df,2020-03-23,,0b2b64a5-e920-332e-0a14-e6e6fcb5d0ca,eac192de-2b4f-c565-5565-01b2d1f3a0c6,412776001,Chronic obstructive pulmonary disease clinical management plan,185086009,Chronic obstructive bronchitis (disorder)
abdc0eb6-788e-fc26-a6c9-d8d44d2f36d8,2021-05-03,,0b2b64a5-e920-332e-0a14-e6e6fcb5d0ca,7fef4282-dfa4-394b-8b2b-55e23b060c4a,134435003,Routine antenatal care,,
6e828b66-1a89-84ae-d999-3d825b93e760,1962-10-08,,7dfd0898-8eab-ebcc-e9f9-24d3cb044ba0,b1d7d7e1-1076-a4b8-cd10-f2e5dbe9a296,384758001,Self-care interventions (procedure),,
c6ec79df-cc1c-0ab5-7582-e73e31217ff8,1976-03-25,,7dfd0898-8eab-ebcc-e9f9-24d3cb044ba0,9533dd02-d091-297a-0d5c-ca855c1e791f,718361005,Weight management program,,
0b29a34e-6ecb-1bdf-1fb4-6da361b8c277,1980-04-17,,7dfd0898-8eab-ebcc-e9f9-24d3cb044ba0,11ed8645-2065-c3f1-26f5-d84b1db56e27,443402002,Lifestyle education regarding hypertension,59621000,Essential hypertension (disorder)
365bbc2f-7b08-fc93-c702-54d43ad2320a,2014-04-06,,bb1dcba1-fe7a-7133-c745-c941cf9a43bb,33c909d4-6e77-fd17-2d25-bc72ab707b1f,276239002,Therapy (regime/therapy),,
e47ae045-2200-8dc8-13a5-635d44cc259b,1965-08-26,,22dd6cde-f765-1627-d0da-6ce7f83d15b6,0fa13c3a-83d1-a6a1-212b-0d2b54f0c8f4,698360004,Diabetes self management plan,15777000,Prediabetes
ac5e7079-cd21-f6f7-8a4e-e77f9f4b40b5,2021-12-01,,bb1dcba1-fe7a-7133-c745-c941cf9a43bb,1423c57d-bf1e-125a-c479-ae273347a038,408869004,Musculoskeletal care,,
a3e512df-1225-5007-23ae-e4bf960e4441,2023-05-02,,bb1dcba1-fe7a-7133-c745-c941cf9a43bb,8a900589-cf34-f5e6-2eae-53270c0d43ee,736285004,Hyperlipidemia clinical management plan,55822004,Hyperlipidemia
837ee54b-9501-90d2-32e9-d1d22b74b1f4,2010-03-11,,22dd6cde-f765-1627-d0da-6ce7f83d15b6,de23e67e-9030-215c-24c3-51806a9d1844,386257007,Dementia management,26929004,Alzheimer's disease (disorder)
a951c68f-291f-4415-ef7c-a9a949d43655,2016-10-06,2017-04-20,22dd6cde-f765-1627-d0da-6ce7f83d15b6,9a6ce070-19f8-882f-03f2-8fae233831b8,53950000,Respiratory therapy,,
0835bdc2-264f-da82-2c01-d8cd8dc393b8,2016-10-13,2016-11-09,22dd6cde-f765-1627-d0da-6ce7f83d15b6,d004b473-414d-928b-1c23-266230bb17a4,225358003,Wound care,370247008,Facial laceration
5fb97982-578b-b766-6fe9-7d511b681d36,2025-04-22,,bb1dcba1-fe7a-7133-c745-c941cf9a43bb,e04617ea-2f0f-79a1-95d9-c7da4071bcc1,698360004,Diabetes self management plan,15777000,Prediabetes
c1358453-616a-4395-9c74-9e0fc84c91ac,2009-05-12,2011-02-08,76e71e7a-00be-7f8c-2126-e8c5b32ec4ab,76c6bf7b-9ee9-901f-bc31-c48c6ae4c2a1,53950000,Respiratory therapy,,
bf1414df-eaa6-060c-d960-473559e33b35,2011-02-08,,76e71e7a-00be-7f8c-2126-e8c5b32ec4ab,ce46417d-26e2-381d-b9ce-70357ad5cbe8,698360004,Diabetes self management plan,15777000,Prediabetes
98fb07ef-9159-1213-9c9a-38432aafc629,2012-12-01,2013-02-19,76e71e7a-00be-7f8c-2126-e8c5b32ec4ab,6bc8387b-6b72-95ae-b172-acf4faca5402,53950000,Respiratory therapy,,
693155b0-26d0-5fa5-e49d-8cba04fd0cde,2015-01-01,,76e71e7a-00be-7f8c-2126-e8c5b32ec4ab,d18a69f7-a163-e576-2be6-cc809ea491b7,735984001,Heart failure self management plan,88805009,Chronic congestive heart failure (disorder)
58c32983-ec8d-d150-0669-c6e4f14fcc51,2015-06-30,2015-07-08,76e71e7a-00be-7f8c-2126-e8c5b32ec4ab,44cc99d2-0b66-6012-682a-a8a2e6b12325,736353004,Inpatient care plan (record artifact),88805009,Chronic congestive heart failure (disorder)
b73b2d47-dc6f-806f-3133-feef08d6f5bd,2017-08-23,2017-08-24,76e71e7a-00be-7f8c-2126-e8c5b32ec4ab,53cad8b8-376f-b6e3-118d-be31bb5062cb,736353004,Inpatient care plan (record artifact),88805009,Chronic congestive heart failure (disorder)
01a4a56f-fdb4-ab80-059a-4573bb5e0219,2020-05-25,2020-05-26,76e71e7a-00be-7f8c-2126-e8c5b32ec4ab,02984238-bc47-b94c-f12e-7ea2711e09f4,736353004,Inpatient care plan (record artifact),88805009,Chronic congestive heart failure (disorder)
61901fc0-8b76-5cdd-fdd6-aefcbdf76e10,2020-07-14,,76e71e7a-00be-7f8c-2126-e8c5b32ec4ab,b9ddd5e6-3ca3-e8cb-7184-d0c61cb05a3c,53950000,Respiratory therapy,,
2903b1e4-e7e8-13a8-76df-b8e1cfccc1c1,2021-02-28,,76e71e7a-00be-7f8c-2126-e8c5b32ec4ab,51db2d10-a62d-e242-83c2-f76b007418d2,736353004,Inpatient care plan (record artifact),88805009,Chronic congestive heart failure (disorder)
d864dfc2-5c26-b6a2-3139-3b56b06f9f45,2008-08-26,,c1f7fa66-3bf6-a864-00d1-15808e400e0f,1cf0f326-7682-fcec-0465-58c5de9716fe,718361005,Weight management program,,
e2858516-96b6-4791-1cdb-17bf11e83ece,2021-06-29,2022-02-01,c1f7fa66-3bf6-a864-00d1-15808e400e0f,70350766-4a72-4852-0a1f-f2dec3c80188,134435003,Routine antenatal care,,
79095771-3af8-e174-66e9-03bbc9712b41,2022-11-08,2023-06-27,c1f7fa66-3bf6-a864-00d1-15808e400e0f,58dd2da8-c35f-e9c7-62da-6215d0ef53df,134435003,Routine antenatal care,,
8a81ff77-f648-8dc7-df4e-51cae6695c85,2025-05-20,,c1f7fa66-3bf6-a864-00d1-15808e400e0f,e45cf085-3ac3-314d-9a40-7c23c1874f90,134435003,Routine antenatal care,,
0fc3a2be-60ff-d2aa-02e0-56ca62586d95,1993-10-26,,25605c52-7c3d-1eda-14dd-e3e8ab7f19c6,43e54f6c-f862-a2bb-5257-4b74bf2dbab9,734163000,Care plan (record artifact),,
b145ec14-2fcc-fa8c-f71a-5b6f2fffb892,1997-01-26,,25605c52-7c3d-1eda-14dd-e3e8ab7f19c6,6d3a0e28-f690-4b7c-95c6-4d14cad3fa86,698360004,Diabetes self management plan,15777000,Prediabetes
3bd8d570-b083-79ab-3cdd-3bc606651675,2017-03-14,,25605c52-7c3d-1eda-14dd-e3e8ab7f19c6,758e9141-0566-fac7-edfc-29d5bd7b5833,736372004,Discharge care plan (record artifact),,
74683aa4-d0e4-0a49-e1eb-bd8afb388fe1,1960-03-22,,fe92d8b6-def2-1efa-d9a9-734c5bf36495,c1589c0e-afcd-67ab-333f-597524d8525e,718361005,Weight management program,,
84e299f1-3daf-5f9d-5495-c8f190ad6910,2015-04-07,,fe92d8b6-def2-1efa-d9a9-734c5bf36495,2584cee4-27c4-2d22-80f7-ebfef7613ce7,412776001,Chronic obstructive pulmonary disease clinical management plan,87433001,Pulmonary emphysema (disorder)
182b11a8-e47b-0d85-2c72-0a5cca46bb80,2014-03-02,,16802cd8-7114-aec9-b0d1-c2ad9f6cddb9,e02b23eb-3c9e-a323-559f-56a373456adc,698360004,Diabetes self management plan,15777000,Prediabetes
013b904e-4397-2af9-ad51-7d642c778820,1970-09-07,,5cf330bf-2f25-ebdf-c805-724235e8a534,deb4134e-f4d8-de1b-de30-c92586fa6d80,384758001,Self-care interventions (procedure),,
b2eeb13f-0379-21f9-ceec-cd06abd38cc6,2020-06-22,,5cf330bf-2f25-ebdf-c805-724235e8a534,288220c5-5574-53ef-bee9-a6872fb2c0cd,698360004,Diabetes self management plan,15777000,Prediabetes
49314fc8-5b4d-97f0-5cf2-8c35021c9d72,2023-08-12,,e32dc4a1-5309-8d09-8915-05ef29159617,dce2c76e-5e5b-2cde-733b-9e2d918a2682,698360004,Diabetes self management plan,15777000,Prediabetes
7f083fd7-ccfb-c665-8975-67c1df05385d,2023-10-24,2023-12-04,c43065f9-25da-ba36-e792-4c8cb6f519c9,706a77e2-5ed7-27bc-cf1c-8ef5aef1de6d,773513001,Physiotherapy care plan (record artifact),70704007,Sprain of wrist
77bbf3ee-a664-5120-c065-3e9d585880cc,1988-03-02,,10d8a3fc-024f-ba1e-ac69-6eaff2b386ef,401029d0-9794-0f0e-55d7-5bfec21fc028,384758001,Self-care interventions (procedure),,
5b28d40e-74a8-9a0c-b950-6de86f347e66,1989-01-12,,10d8a3fc-024f-ba1e-ac69-6eaff2b386ef,0b1ed8ed-335b-237a-5b1d-139eb54d8619,698360004,Diabetes self management plan,15777000,Prediabetes
94062f45-a4df-d905-ee18-36f71636c3ee,1991-10-10,,10d8a3fc-024f-ba1e-ac69-6eaff2b386ef,9ca9a801-d187-5e0f-908b-33720b7f6058,443402002,Lifestyle education regarding hypertension,59621000,Essential hypertension (disorder)
b137df45-514a-6068-9d6d-025a938d9da3,1996-12-05,,10d8a3fc-024f-ba1e-ac69-6eaff2b386ef,ec44e6bb-1c3d-11b8-ca3a-cfcde251e364,736285004,Hyperlipidemia clinical management plan,55822004,Hyperlipidemia
7f023943-6405-0a7f-7610-b76ecb24c7ea,1959-03-17,,596c3d09-6ac5-f431-2570-31a78e0fe880,08fd3ac4-b1ec-bab6-25e9-137c0d26cb01,718361005,Weight management program,,
f3ba05ae-faa8-27cc-ed38-e22a52eccc70,1995-04-11,,596c3d09-6ac5-f431-2570-31a78e0fe880,6af03fb5-21ee-fa2e-f744-3543a30af499,443402002,Lifestyle education regarding hypertension,59621000,Essential hypertension (disorder)
4ba2ef87-56a4-64bd-0b0a-41944624e369,2019-06-18,,596c3d09-6ac5-f431-2570-31a78e0fe880,d2e88e07-13c1-39a8-cc35-2ca3ed87c50f,386257007,Dementia management,230265002,Familial Alzheimer's disease of early onset (disorder)
f92479cf-68d9-a25a-7608-3e438570bbd9,2023-04-16,2023-04-30,596c3d09-6ac5-f431-2570-31a78e0fe880,e548f624-64cc-73b7-404e-03455079eafa,53950000,Respiratory therapy,,
5f640a15-d2c8-4d0c-aa51-7c43f2fc3220,2005-11-20,,47ecacc5-d7fa-d717-68ef-47e0e5ce0bb8,4daa4892-c5d3-f97e-2a40-5aa1e84a9bf2,698360004,Diabetes self management plan,15777000,Prediabetes
4acf6c02-77ef-0d2f-c210-b848904afcde,2023-11-19,2023-12-16,596c3d09-6ac5-f431-2570-31a78e0fe880,fb8ce0cb-7002-abc1-746d-9d70706b7dce,773513001,Physiotherapy care plan (record artifact),44465007,Sprain of ankle
170930c7-cd87-e185-6b2e-ff2ad587298c,2014-02-04,2014-03-19,47ecacc5-d7fa-d717-68ef-47e0e5ce0bb8,ee740512-228f-5d99-cbd3-244db0f7aca8,276239002,Therapy (regime/therapy),,
528d8531-b09a-0dae-4de2-fd7e30dd0073,2014-04-18,,47ecacc5-d7fa-d717-68ef-47e0e5ce0bb8,a1ee7401-9e55-42d5-71c9-4e228bface32,276239002,Therapy (regime/therapy),,
dcd1aed7-2984-03e3-12af-8f0f2275c601,2023-10-02,2023-11-04,11d21bd8-be75-250b-f0cc-ee26d3beaf74,04325816-20ef-83f1-5a70-fe42cb27ab1c,773513001,Physiotherapy care plan (record artifact),44465007,Sprain of ankle
efa363f2-f5de-b673-6cab-0c8869045c26,2020-02-09,,47ecacc5-d7fa-d717-68ef-47e0e5ce0bb8,2c208aa6-2036-3134-53a2-c8a63ded4843,408869004,Musculoskeletal care,239873007,Osteoarthritis of knee
4baa23b5-53cd-0f51-dc60-cff13b1d2a1c,2022-02-20,,10d8a3fc-024f-ba1e-ac69-6eaff2b386ef,0184bd9e-4814-6d34-abf4-f975cab1e14a,736690008,Dialysis care plan (record artifact),,
afbf6b4d-5aab-5203-5f96-63c6710ceb09,1954-03-31,,f4bb2637-8130-5aa7-ceb4-cf5100549d0a,ada11f5e-44f1-6b08-3f81-cf6bdf79dc83,711282006,Skin condition care,24079001,Atopic dermatitis
37b2ad0b-c2ec-1607-7416-543fd0ca3978,1954-04-14,,f4bb2637-8130-5aa7-ceb4-cf5100549d0a,10732929-1c2d-48d3-ca94-427cb39d55cf,384758001,Self-care interventions (procedure),,
9faf397f-9332-ca18-ecab-8e316b675f61,1957-05-14,,f4bb2637-8130-5aa7-ceb4-cf5100549d0a,6709ec0a-19e1-3bf3-b926-f9d8e0de7b0a,699728000,Asthma self management,233678006,Childhood asthma
2d201f2c-8c1d-7ae9-8f9a-0fa2b1d9fda9,1986-12-06,,f4bb2637-8130-5aa7-ceb4-cf5100549d0a,dd6b03f8-a31b-48e5-6d34-9f0157d18607,698360004,Diabetes self management plan,15777000,Prediabetes
bde94f2b-3b3d-c297-73c9-057269b8b2f6,2018-07-21,,f4bb2637-8130-5aa7-ceb4-cf5100549d0a,3fccfaeb-49e8-cbe4-9573-c43b8b48cdbd,736285004,Hyperlipidemia clinical management plan,55822004,Hyperlipidemia
1361097b-606a-ffc7-9762-22548aa613bf,2023-11-03,2023-11-24,f4bb2637-8130-5aa7-ceb4-cf5100549d0a,4820c902-509a-3c38-8889-17574de78904,225358003,Wound care,284551006,Laceration of foot
f36915af-dbba-0f3d-5e30-7e7f6937a35e,1991-04-01,,b244d132-2a9a-af69-04b1-ba26a1ec385f,8aa9f438-40e4-23d9-08e9-bdd0cd2ba565,698360004,Diabetes self management plan,15777000,Prediabetes
05e0ed6b-4a5d-5acc-96e7-698aecf682e3,1992-07-06,,b244d132-2a9a-af69-04b1-ba26a1ec385f,c72eaba9-cc6d-571f-c294-bdae472e3e9e,384758001,Self-care interventions (procedure),,
08bb04e8-0224-0232-1b91-ddf7bc4387c7,1996-10-10,,b244d132-2a9a-af69-04b1-ba26a1ec385f,772aa309-24d8-dfc2-08c6-b6ee0ca1965f,734163000,Care plan (record artifact),,
640d21fe-b66f-5ac9-1bd8-1854610ab70d,2014-02-02,2014-03-05,90bb89d1-d976-b7c8-f2ba-12f2888524f0,b661535b-dc40-6981-d6e9-76de9d4255fe,276239002,Therapy (regime/therapy),,
57657d05-e161-3d74-0f42-92cda4da38c4,2014-04-04,,90bb89d1-d976-b7c8-f2ba-12f2888524f0,9d6b14c7-9a2b-1244-27ef-8df50c27dedc,276239002,Therapy (regime/therapy),,
fdc25e6e-8d62-1e4c-7fff-dcd4f2eb8cbf,2022-06-10,2023-06-17,90bb89d1-d976-b7c8-f2ba-12f2888524f0,43f09704-45c7-491a-abcf-4ab59d032eb3,711282006,Skin condition care,40275004,Contact dermatitis
abcbb3ba-c0ae-109c-ed5d-4af6071353e6,2022-07-08,,90bb89d1-d976-b7c8-f2ba-12f2888524f0,61fe770f-a545-ee34-118c-da10a1cec560,384758001,Self-care interventions (procedure),,
e6362a4c-2337-1480-4b78-9186abbfa259,2022-07-08,,90bb89d1-d976-b7c8-f2ba-12f2888524f0,f40fc567-6d68-d432-1707-174500798abe,170836005,Allergic disorder monitoring,,
7bdaa8de-4f50-d307-f6b8-321b3717ac9b,2025-05-17,,10d8a3fc-024f-ba1e-ac69-6eaff2b386ef,dcb7a2e8-dace-4c69-2628-6b270ff30832,734163000,Care plan (record artifact),,
908f3ee6-cf15-3e1b-c417-f01f256f9a2a,1945-10-25,,fa9389ad-724b-123e-9f8c-7683dd788159,3c9af23a-adfb-532c-b562-f5b6d0caea85,698360004,Diabetes self management plan,15777000,Prediabetes
d550388a-a0f8-eed4-bae9-26e5d4254bc8,1982-10-07,,fa9389ad-724b-123e-9f8c-7683dd788159,9a8b00fc-679b-d5fb-23e6-507a576060cf,443402002,Lifestyle education regarding hypertension,59621000,Essential hypertension (disorder)
31c3de0d-5c4a-3ab2-9ee7-2be4428931c7,1970-01-12,,abcce2fb-988c-a59d-670f-bc2b4b7335fc,52c1dab0-89c1-0764-960d-591cde18aa8d,718361005,Weight management program,,
9d9064a0-017a-3dad-d02d-10fe359819bb,2010-02-15,,abcce2fb-988c-a59d-670f-bc2b4b7335fc,4fe0de3e-9252-7c10-399e-9429710f5bad,443402002,Lifestyle education regarding hypertension,59621000,Essential hypertension (disorder)
a9d976cc-3398-2f8b-4240-bc5ced60e940,2000-06-14,,55043a61-aa7c-015f-1ab9-a7b2b86be1e0,36c3d03f-7004-fd38-ea82-b0cb1e0653d3,698360004,Diabetes self management plan,15777000,Prediabetes
3e98e11c-04b2-2868-870b-f025ce7d8920,2009-06-24,,55043a61-aa7c-015f-1ab9-a7b2b86be1e0,faebfeb7-36dd-4f1e-d381-259f462e8e4f,443402002,Lifestyle education regarding hypertension,59621000,Essential hypertension (disorder)
ce67614f-747a-7253-a612-069880445371,2009-09-09,,0a5bc671-5b64-8f17-1069-47e541946b11,e7ef6307-3b25-e642-3466-5c709db650bf,698360004,Diabetes self management plan,15777000,Prediabetes
c819e103-e646-8a6f-6af5-eb342acb07f6,2015-09-16,,0a5bc671-5b64-8f17-1069-47e541946b11,2250f4cc-9c5b-2972-c1f9-38b54edd1488,443402002,Lifestyle education regarding hypertension,59621000,Essential hypertension (disorder)
5e7816d4-a04b-c418-ee7a-413f4b256a9c,2010-09-06,,fa9389ad-724b-123e-9f8c-7683dd788159,9cb8f9a7-27b6-1746-7ebd-2b2470c76c34,386257007,Dementia management,26929004,Alzheimer's disease (disorder)
62e4d9a6-f82d-0069-c945-27b13817ef7d,2023-12-27,2024-08-07,55043a61-aa7c-015f-1ab9-a7b2b86be1e0,b3b72c6a-4b40-19d1-d2e9-40994e52ce69,134435003,Routine antenatal care,,
453b182c-d1ff-59b5-d61c-8cdf7fe3302e,2014-10-09,,fa9389ad-724b-123e-9f8c-7683dd788159,ad99a7c1-3b68-2085-e12b-b8859a961e98,736690008,Dialysis care plan (record artifact),,
cec58bc5-0a56-ca0a-bba0-ef00113bac7c,2006-04-18,,c2b8d23b-1170-6ad7-0220-74a514d1c8a7,872af180-75a3-8bf5-e3dc-03207fd00669,698360004,Diabetes self management plan,15777000,Prediabetes
974a3576-a046-30dd-4678-ebad30634942,2019-07-23,,c2b8d23b-1170-6ad7-0220-74a514d1c8a7,c9210fbd-837f-1fc2-f83f-b51e47f24606,736285004,Hyperlipidemia clinical management plan,55822004,Hyperlipidemia
1a97e4ce-42af-f916-4954-bfd5dbf03781,2019-11-07,,fa9389ad-724b-123e-9f8c-7683dd788159,7f69f3bb-0e91-3b33-3657-7d264383517b,734163000,Care plan (record artifact),,
4402f2c1-4f8d-497e-0b46-61ad21e923df,2019-10-17,,d9ee1b6e-7d6d-ae83-127c-2137e7a2d8ed,f7fe034b-f111-88b6-1dbb-1de1c1770467,276239002,Therapy (regime/therapy),,
fba58a26-f42b-2e9e-1c0b-d090b53735ff,2025-01-16,,d9ee1b6e-7d6d-ae83-127c-2137e7a2d8ed,5b9286d6-90fd-fc0e-61eb-710dff4db829,53950000,Respiratory therapy,,
24a80efe-d4b1-9511-3bb6-c367fe985ea1,2023-09-11,2023-09-28,58f69b85-03fc-64cf-1917-cdbd69eec0fb,5bfed05a-6135-8951-fc85-afbb2d34b44d,225358003,Wound care,283371005,Laceration of forearm
186b2fb4-21ff-ab60-cbe8-3f8cc27efec0,1979-03-11,,5b1bc15e-47c6-d41f-4dbe-f420f37d7b8f,fc6ad9fa-96b0-761c-e7f8-c71a960c37ba,384758001,Self-care interventions (procedure),,
714ac311-8608-63d5-6010-a24914c3358e,2000-04-20,,5b1bc15e-47c6-d41f-4dbe-f420f37d7b8f,541923e3-b8cf-18bd-3b87-a315b586bcf1,443402002,Lifestyle education regarding hypertension,59621000,Essential hypertension (disorder)
0bf3a820-2f7f-ee12-2ff6-a597e7242868,2002-05-02,,5b1bc15e-47c6-d41f-4dbe-f420f37d7b8f,e37f83e5-5c61-ec96-1dd2-9fe8cb793f5a,698360004,Diabetes self management plan,15777000,Prediabetes
c34b9a3f-be25-9600-05bf-22dbe888128a,2005-04-22,,c25511b1-1725-1b5c-a1a4-7820915013c7,80ffc58d-673f-ba93-86f5-f1ccb37f3fe5,734163000,Care plan (record artifact),78275009,Obstructive sleep apnea syndrome (disorder)
ccadf425-8975-fd54-fe4b-4ec4faab370b,1998-04-13,,4ef99202-2452-40cb-7c33-6f77ee3fa6bc,785002a7-35b2-cc96-0051-9db7f4c6264c,734163000,Care plan (record artifact),78275009,Obstructive sleep apnea syndrome (disorder)
dc12eaa4-a5d4-9e01-9db4-dc13c3a81752,2010-04-11,,4ef99202-2452-40cb-7c33-6f77ee3fa6bc,fd2d2085-36e9-33f4-09e7-0dde2bebeef5,443402002,Lifestyle education regarding hypertension,59621000,Essential hypertension (disorder)
c0e76800-4cf0-f668-65e7-470f09a9cb89,2012-05-18,,c25511b1-1725-1b5c-a1a4-7820915013c7,3a96c717-486a-fe1d-ae7d-6cd3a352c2d2,443402002,Lifestyle education regarding hypertension,59621000,Essential hypertension (disorder)
add73aa0-b7e5-435f-0f6a-0195ffbb1def,2016-05-15,,4ef99202-2452-40cb-7c33-6f77ee3fa6bc,ee183bce-d413-665b-7d7b-146b7c267c16,698360004,Diabetes self management plan,15777000,Prediabetes
4613c394-377f-53c8-f676-8cc3d8c242c5,1968-08-21,1968-10-03,8ed059a0-ea3a-991e-0feb-ac48138dc4ab,ed4399aa-7660-14da-9b55-9114a2622953,408869004,Musculoskeletal care,,
c80becaa-be0c-6640-c2c1-4296e2ceec7e,2006-07-15,,8ed059a0-ea3a-991e-0feb-ac48138dc4ab,1db63971-a4f5-bbdc-6495-30c66a7e754c,443402002,Lifestyle education regarding hypertension,59621000,Essential hypertension (disorder)
5f6e3e1f-c4bf-b042-25c4-49241c934244,2016-09-05,,8ed059a0-ea3a-991e-0feb-ac48138dc4ab,6bf76def-6372-6797-4232-506a69cb1187,408869004,Musculoskeletal care,,
8733703e-2286-de6c-f056-66023fee082b,1999-08-13,,b3218fd5-0ca6-a7c6-e92c-ce410aa8aa76,eb86aecc-232d-813d-5461-d6e4043f09b3,698360004,Diabetes self management plan,15777000,Prediabetes
e309e478-42f2-e935-bfe8-fcf5cca24f6f,2001-09-30,,b3218fd5-0ca6-a7c6-e92c-ce410aa8aa76,95f32c4d-ce51-1644-3d8d-9916cccf1fb3,408869004,Musculoskeletal care,239872002,Osteoarthritis of hip
6f976919-86e7-8cdb-07de-fa5397d20248,2021-01-23,2021-01-23,b3218fd5-0ca6-a7c6-e92c-ce410aa8aa76,5b018f04-ce65-f41a-8e72-4c90792954c0,736376001,Infectious disease care plan (record artifact),,
c18e976c-c3cb-b14e-5eb5-d5b1a990047e,2007-06-19,,e6a30d2a-f7d5-dc35-0fcc-cd4f3205986f,2418717b-be94-3c70-12e1-a279bd3b1cc5,698360004,Diabetes self management plan,15777000,Prediabetes
c48c310a-1ab8-340f-bba4-0f1083bcb50d,2014-03-26,,e6a30d2a-f7d5-dc35-0fcc-cd4f3205986f,50263370-143e-7c1f-2ee0-ad030a79f09a,276239002,Therapy (regime/therapy),,
0ea48224-647d-05bd-b53d-616267a257f8,2021-05-06,2025-05-30,502ce0d5-72bd-eb71-9fe1-e6e201dbc599,5df2cc84-835e-3532-ce8b-c7f2d1a586dc,386522008,Overactivity/inattention behavior management,,
91c9f1f4-0487-b2d6-97f4-3fe69c1b556a,1999-04-18,,5cd76cd8-e95e-76e5-73ea-04a2704d7cac,b402afe8-ddbb-df6e-551e-d63a440ef267,734163000,Care plan (record artifact),78275009,Obstructive sleep apnea syndrome (disorder)
3c61845c-21d7-2de1-4a74-6c33b4300faa,1999-05-24,,5cd76cd8-e95e-76e5-73ea-04a2704d7cac,b0577f05-82ee-af07-c7d2-3d6e08d4f6b5,736285004,Hyperlipidemia clinical management plan,55822004,Hyperlipidemia
a54ad0d7-ebb9-8853-b397-43069e1b193c,2006-05-08,,5cd76cd8-e95e-76e5-73ea-04a2704d7cac,217c28d4-e04c-db76-9794-4960e8016df8,698360004,Diabetes self management plan,15777000,Prediabetes
a92f9161-8732-c185-f836-3597856e3176,2023-08-05,2023-09-22,5cd76cd8-e95e-76e5-73ea-04a2704d7cac,6a455473-c52d-323e-ee8a-3d3114a7b1d6,773513001,Physiotherapy care plan (record artifact),,
3aa84338-4a67-2a4f-c260-3e0c99f7cf16,2024-04-22,2024-08-19,5cd76cd8-e95e-76e5-73ea-04a2704d7cac,fcaf174f-3057-9c4e-ed19-f13af23a3d9a,53950000,Respiratory therapy,,
343481d7-a42d-69b1-4898-f6e414a395bb,1993-03-22,,34b11565-8196-037e-31a5-f297784f97c4,4ca18cc0-b8c9-9ff6-2f7b-7f1a1763860d,443402002,Lifestyle education regarding hypertension,59621000,Essential hypertension (disorder)
7cb0f726-ae15-52ed-8904-42942e7e26c4,2000-12-13,,586574b6-4b63-980f-0841-96f6a6d9ab54,885daecd-fa51-573c-0f50-9a44ab623ac4,734163000,Care plan (record artifact),73430006,Sleep apnea (disorder)
744f11a2-7da6-6ba0-3146-89a870b90b09,2020-12-17,,586574b6-4b63-980f-0841-96f6a6d9ab54,91a54b6d-2c20-f1d1-3ad1-ac490613d857,443402002,Lifestyle education regarding hypertension,59621000,Essential hypertension (disorder)
69a59e57-d6ca-2af2-29f0-8f50723f3d9d,1968-03-01,,b9ebed83-8dae-9185-7b77-7507a2521251,469d783d-5944-249a-05b9-0be5c39e12f4,443402002,Lifestyle education regarding hypertension,59621000,Essential hypertension (disorder)
03903314-cf43-1c3d-0455-9f626b0e578f,2001-09-03,,b9ebed83-8dae-9185-7b77-7507a2521251,29c4914c-e721-abc8-d5e0-be0fd7250c7d,736690008,Dialysis care plan (record artifact),,
628b9717-043c-7318-d13b-8dd5bc26c489,2005-10-29,,b9ebed83-8dae-9185-7b77-7507a2521251,4fa30ea1-44b6-a02f-29eb-e39665b058dd,734163000,Care plan (record artifact),,
5b392e02-b2f8-bd1d-c8f7-9c398b3f4677,1988-08-25,,dc1d27df-97ad-7ca8-e354-bb2e448f32e8,ef589ca9-9ba9-306e-e7d7-c7545be0493b,443402002,Lifestyle education regarding hypertension,59621000,Essential hypertension (disorder)
3d66ec38-d482-244d-4b68-79d74831039b,2005-03-20,,dc1d27df-97ad-7ca8-e354-bb2e448f32e8,1cb369d7-4648-f4dc-a238-3ebc3727639c,736690008,Dialysis care plan (record artifact),,
221a4445-42c5-a09b-a0e6-76a789bc423f,2018-08-25,,b9ebed83-8dae-9185-7b77-7507a2521251,a24a6368-708c-849c-9a8a-02fb6707071c,736372004,Discharge care plan (record artifact),,
450cd955-11ad-e128-1d40-e0a388538ccf,2010-04-15,,dc1d27df-97ad-7ca8-e354-bb2e448f32e8,48e71317-844c-a851-d6eb-44ac2b000274,734163000,Care plan (record artifact),,
30665eb6-0c52-6e34-a8c6-98602f7a340e,1992-11-14,,3e4c7a24-8c5d-dc7f-a76f-fbfb8872f16c,4b564acf-8010-5aac-4308-7bf7c9ba40a6,698360004,Diabetes self management plan,15777000,Prediabetes
d699810e-ef92-ff08-4e6e-f568bc017517,2014-03-26,,3e4c7a24-8c5d-dc7f-a76f-fbfb8872f16c,3cbc787e-0f85-fe4a-411e-a5dc0c969773,276239002,Therapy (regime/therapy),,
41c70055-f786-dd17-8bb9-dc84a5789440,2025-03-19,2025-04-10,3e4c7a24-8c5d-dc7f-a76f-fbfb8872f16c,359cded4-ed41-5b3b-77a0-6076fa153a90,225358003,Wound care,370247008,Facial laceration
9838e2e0-46b7-d04b-6fd2-d82a122900a8,2014-03-30,,a788d814-e56a-3ba3-2903-c427ef8aa7bb,caf136b7-7652-e0aa-7062-c5de2a141031,276239002,Therapy (regime/therapy),,
5bfae1dd-e3fb-4fa4-db0c-3b85a624a075,2023-02-19,2023-09-19,b0c607f7-2e50-6da0-db5d-ea63c7f41f0c,7c20b3c5-7f45-b3ce-61c4-12259b863d4b,53950000,Respiratory therapy,,
bbdbd885-ce04-37f1-7deb-a13eb877b1c5,2024-12-27,2025-02-08,b0c607f7-2e50-6da0-db5d-ea63c7f41f0c,5f879c88-9e86-7e7b-5745-ef4e4699c6bf,385691007,Fracture care,263102004,Fracture subluxation of wrist
3a9ec9b6-0ea3-d564-d4f2-54348eeff36e,1992-08-31,,e84c9797-ab44-a413-f896-a9ffcfa4e044,2746f803-ab15-374a-cfc4-820b325d10e0,384758001,Self-care interventions (procedure),,
d4fa1b1c-e031-719e-50cc-be46f6b42096,1995-03-14,,e84c9797-ab44-a413-f896-a9ffcfa4e044,a484d29c-9e35-9886-84fc-2d17dd116e4d,699728000,Asthma self management,233678006,Childhood asthma
8108523c-6979-d9f2-0244-6c6e35f8796d,1997-03-19,,2ed78a4a-916f-016f-39f8-e426de5abd0f,5b032e54-a3e4-bf1e-bfc9-23be5eac0ab9,698360004,Diabetes self management plan,15777000,Prediabetes
75607398-c873-9f99-66a1-7a6178b02451,2006-03-29,,2ed78a4a-916f-016f-39f8-e426de5abd0f,c3b79e65-3ef0-c119-f49d-46146c06e516,443402002,Lifestyle education regarding hypertension,59621000,Essential hypertension (disorder)
61e5bcf7-8d41-a937-b7ea-382fcf01e71d,2024-05-28,2025-03-25,e84c9797-ab44-a413-f896-a9ffcfa4e044,30677a79-54ff-aaf2-9e13-17f5f2ce7f1e,53950000,Respiratory therapy,,
e153321c-98dc-1d56-7eb1-3e70a44e27fe,2024-06-04,2025-01-07,e84c9797-ab44-a413-f896-a9ffcfa4e044,15e891d3-e09f-126f-86be-8ba49fdca98d,134435003,Routine antenatal care,,
842de4ba-b35f-28b8-6130-c4a308b3e8b2,2007-05-20,2007-06-15,458e2a0d-fca2-fef9-5411-4a3a10ddd9cd,3bcd5ca0-bb8b-2d26-ef31-c90cc2459cfd,225358003,Wound care,283371005,Laceration of forearm
dbf9bdb1-3a70-bb86-deed-6ba8e89a2e87,2011-03-10,,e64b9e88-ad81-f797-ee6d-30757088d685,0e8b449e-5ed2-f98f-4734-63fbde348514,711282006,Skin condition care,24079001,Atopic dermatitis
f9fe97b1-b366-7665-d51e-bb460669426c,2011-08-14,,e64b9e88-ad81-f797-ee6d-30757088d685,d3549d9d-4d11-38dd-24f0-b8bf939a91be,384758001,Self-care interventions (procedure),,
7ce6b2cc-b69d-8b3c-9fdd-010da24debcb,2014-07-29,,e64b9e88-ad81-f797-ee6d-30757088d685,a206a6a3-99ac-2c07-fb95-f93966610c23,699728000,Asthma self management,233678006,Childhood asthma
6ad9bfae-f0e9-6da2-5af6-5ae908b8bde5,2023-11-11,,e64b9e88-ad81-f797-ee6d-30757088d685,46df9ef4-d922-933c-eed6-92ab5303b038,170836005,Allergic disorder monitoring,,
83ff1e3d-73ba-e6dd-b1fd-58de14c79923,2024-02-13,,9861b5bd-46f6-ecf5-c3aa-05e66e43b3ec,1f8eb4a6-b3ac-e4cf-75a8-608561acfe0d,698360004,Diabetes self management plan,15777000,Prediabetes
114e9911-57fb-fb60-67f5-8e12d6fd6bef,2011-06-22,,41e6057d-3044-cfed-d650-f237d8b5d17d,ad8da896-56cb-9354-2f89-4764f2022bd7,734163000,Care plan (record artifact),,
f4b0c2e3-779f-0552-0ce3-859ce0cf3905,2015-10-22,,41e6057d-3044-cfed-d650-f237d8b5d17d,5b169071-0f48-44c5-6b39-4e966cc6cc87,698360004,Diabetes self management plan,15777000,Prediabetes
bcb5efc8-e530-3438-114f-02aa0eb00a68,1994-07-20,,6b19f3d0-148f-481f-6d54-7dcce1981a67,54ba3639-0660-492c-b4d2-b1efe099fb98,443402002,Lifestyle education regarding hypertension,59621000,Essential hypertension (disorder)
c203362d-bb47-d72d-d0e0-5327e3bf5001,2006-06-16,,6b19f3d0-148f-481f-6d54-7dcce1981a67,4a01400a-c509-0a4c-353b-26f9c64e9b2d,408869004,Musculoskeletal care,239873007,Osteoarthritis of knee
bc51121a-eac3-db51-ce1b-493fea9d8c28,2006-09-27,,6b19f3d0-148f-481f-6d54-7dcce1981a67,35302b16-e904-9fc1-3128-1d1f141f98e9,698360004,Diabetes self management plan,15777000,Prediabetes
d7e670bf-376b-da58-bf64-3e20a0ba68c6,2018-03-17,,6b19f3d0-148f-481f-6d54-7dcce1981a67,89c82c0a-ccf7-ce42-dd07-a8cd7ebbcbeb,736690008,Dialysis care plan (record artifact),,
79f832ba-263c-b526-53d5-a5cf05de36eb,2022-06-11,,6b19f3d0-148f-481f-6d54-7dcce1981a67,d44d8271-42cf-9ef5-c2e8-f82c0aba25cd,734163000,Care plan (record artifact),,
871dc593-8901-6346-8e8a-d69135aff0ac,2024-01-24,,6b19f3d0-148f-481f-6d54-7dcce1981a67,29d01605-6557-c701-c412-1029387fd471,736285004,Hyperlipidemia clinical management plan,55822004,Hyperlipidemia
834fc1b5-0473-7760-dab5-6ee234ec3bd5,1998-01-04,,4ee1b787-29bd-9db5-41d7-8d5ffd280da4,b6133786-a3fe-1cf7-cdee-22453c43eab5,734163000,Care plan (record artifact),,
d3276ca3-8fda-cda0-4657-dad6c9334df0,2009-03-31,,4ee1b787-29bd-9db5-41d7-8d5ffd280da4,8611c7ed-b1e6-d759-d318-a72b4667a7c2,412776001,Chronic obstructive pulmonary disease clinical management plan,185086009,Chronic obstructive bronchitis (disorder)
8f4b7b8a-319a-e124-c916-c1a719d3b6e1,2022-07-06,2022-07-13,4ee1b787-29bd-9db5-41d7-8d5ffd280da4,4a9eb629-1984-2837-9979-9389719a17d2,773593000,Urology care plan (record artifact),38822007,Cystitis
91718c55-5d63-952f-c731-fe2662d87d16,1980-02-10,,cc531ab5-896d-02d2-1c25-638aa09cd4cf,1c67ee72-8dd1-0ae7-fdcb-ad4990001e4b,698360004,Diabetes self management plan,15777000,Prediabetes
734baf32-4d3d-5894-3935-cb9792ba6a25,2000-08-24,,cc531ab5-896d-02d2-1c25-638aa09cd4cf,67e816d3-756c-c566-a26f-9a65a192def7,408869004,Musculoskeletal care,239872002,Osteoarthritis of hip
6bfba0f6-8470-1a1c-e757-a0335eec2800,2012-01-08,,cc531ab5-896d-02d2-1c25-638aa09cd4cf,2ac1cfc5-e647-c6fe-5037-bec258d8c3d9,443402002,Lifestyle education regarding hypertension,59621000,Essential hypertension (disorder)
5850ae5a-ac43-321e-60db-814eeba67045,2016-02-21,,cc531ab5-896d-02d2-1c25-638aa09cd4cf,4cb7b2ac-a1ac-7eb6-0a11-7307f839c255,736285004,Hyperlipidemia clinical management plan,55822004,Hyperlipidemia
772164ef-3cad-3a21-c9af-b6317b62807c,2023-11-25,2023-12-06,cc531ab5-896d-02d2-1c25-638aa09cd4cf,920af5d1-817f-43a8-0ce9-c26a66370037,53950000,Respiratory therapy,,
d2463acc-355e-fe90-e793-666eec66d5b6,1987-04-04,,44ad2706-ba08-c027-d788-f4b6bc8a47e8,1d882282-e3e8-045f-6700-8aa5b428a9e5,698360004,Diabetes self management plan,15777000,Prediabetes
d86d19d9-78d8-8bac-eb65-9cb142cb3b56,2024-11-11,,a6522df0-b5c7-fad0-2a00-c0e8a59989ce,ab6a37e7-eff2-dc77-9a69-f944045f6862,134435003,Routine antenatal care,,
53ecddad-2c2e-54e4-b900-efa56a27fb1d,2012-10-16,,fcb8fda2-a147-f0d0-be7f-7f4d70c03787,765c41b4-22e2-baf4-e884-5e4eb79be908,134435003,Routine antenatal care,,
b7cdf72e-67dc-0943-7f08-d3a34ec2f9a2,2015-05-16,,fcb8fda2-a147-f0d0-be7f-7f4d70c03787,e13eaac0-9283-dccc-bfd1-60ff2cb2bffa,735984001,Heart failure self management plan,88805009,Chronic congestive heart failure (disorder)
b89000b9-a993-0362-d35f-4a10f18bfe07,2017-05-05,2017-05-08,fcb8fda2-a147-f0d0-be7f-7f4d70c03787,8831fe51-25aa-392f-3add-4386ab2fc52a,736353004,Inpatient care plan (record artifact),88805009,Chronic congestive heart failure (disorder)
7f8ebb5c-9c0d-dfb8-aeef-29bcd5e405f6,2017-10-02,2017-10-03,fcb8fda2-a147-f0d0-be7f-7f4d70c03787,7236483b-b299-825c-9b87-cf13e5c81ace,736353004,Inpatient care plan (record artifact),88805009,Chronic congestive heart failure (disorder)
39d981c0-812a-7103-54ce-964ae21d6d9f,1982-12-02,,265f4f95-652a-261a-e135-6c0b9a3e7a02,267c9ec8-bd67-b0d9-1cf1-3584008c5dda,698360004,Diabetes self management plan,15777000,Prediabetes
e8c99364-ecdc-d29a-10b0-6845724db855,2021-06-17,,265f4f95-652a-261a-e135-6c0b9a3e7a02,91d89f47-5bd8-c51c-ecba-b0a35d95d3ca,735984001,Heart failure self management plan,88805009,Chronic congestive heart failure (disorder)
38c78138-a6a4-4e45-8085-a580ae14a505,1989-10-15,,b24b5387-b536-d16b-6887-1a84d49e7b7c,3dc98b76-8299-647f-a65e-eb5f3db9226f,443402002,Lifestyle education regarding hypertension,59621000,Essential hypertension (disorder)
e7c91b79-1e46-1fe7-5929-023f304bc196,1993-02-25,,c877b107-a78d-037a-c894-b4768443314c,a40d96b2-dc3f-ff40-b717-01ea8e548b92,734163000,Care plan (record artifact),,
7aad3394-21ff-0f92-fc9b-0b734fa711e1,2014-03-26,,c877b107-a78d-037a-c894-b4768443314c,d76b027e-f29f-d526-cf26-03a3e23ea330,276239002,Therapy (regime/therapy),,
e003c737-32ce-1ea0-6d6b-c27d4de50bca,1993-03-08,,060f8cbf-a90f-4096-793b-a11e40a3cbd8,bb4bddf4-eff5-fac5-a1f2-b1067a597f13,736376001,Infectious disease care plan (record artifact),86406008,Human immunodeficiency virus infection (disorder)
cccd842d-c646-64b2-6e2c-51e057930427,2004-12-12,,060f8cbf-a90f-4096-793b-a11e40a3cbd8,5d748d40-ab01-0cc8-6601-bb8262ba6476,698360004,Diabetes self management plan,15777000,Prediabetes
39cc4793-9d11-7f75-2451-35ff857f066b,2022-04-12,,c877b107-a78d-037a-c894-b4768443314c,0ff12d6c-7652-a181-1e76-aff6e27ad4b5,698360004,Diabetes self management plan,15777000,Prediabetes
f9c358dd-5f67-f6cc-b362-f6938b61262b,2024-11-27,2025-01-05,521112df-f180-a758-5a73-5371bc1f86c5,02c3d7bc-b726-96ee-5350-575cf7a6c30d,773513001,Physiotherapy care plan (record artifact),44465007,Sprain of ankle
8f42cd4d-31d2-38ba-e174-3b09957d5712,2004-10-12,,670ed32d-9d4b-3c5d-413c-9909b7251bbc,3b691f62-670d-0a8c-b849-17a2f756be2a,443402002,Lifestyle education regarding hypertension,59621000,Essential hypertension (disorder)
4ddca01d-99d0-e0db-2c2a-65c740888bbe,2007-01-27,,670ed32d-9d4b-3c5d-413c-9909b7251bbc,fdeeb739-4941-0c49-8991-3c47f23f8199,384758001,Self-care interventions (procedure),,
fee3b532-94cb-e2fc-fd1d-faec2211180c,2012-02-08,,455f45bd-d0f7-2464-b1d3-91540cf94a2b,0fd943a3-e6e2-4fe3-d132-d41e15f7a1f2,698360004,Diabetes self management plan,15777000,Prediabetes
59154843-2a34-6475-611a-f15b8b2899c4,2014-03-15,,455f45bd-d0f7-2464-b1d3-91540cf94a2b,30005090-a99c-fe4f-9385-e9ab202f6f50,276239002,Therapy (regime/therapy),,
a486ae83-005a-4e8f-4931-83cdfc2c60b8,2016-12-12,,a672d0aa-7698-9f10-38f8-8deda5ceb394,392b3f86-90fc-bf62-c929-445856b5327b,698360004,Diabetes self management plan,15777000,Prediabetes
fe2f7421-f9e5-7500-cfcc-0a59be263968,2023-11-27,2024-07-01,a672d0aa-7698-9f10-38f8-8deda5ceb394,484520e8-a5fa-7e4c-310f-3b294d1e0775,134435003,Routine antenatal care,,
3dfd107b-383e-6dd1-0e73-58b0cc923eee,1975-02-16,,d7149624-0c45-9dea-d5df-275a4da80714,ea7e1bf0-116b-702e-e46e-e3b1928419db,699728000,Asthma self management,233678006,Childhood asthma
f3d54f39-9442-921f-67dc-c30ab9f8e475,1990-04-25,,d7149624-0c45-9dea-d5df-275a4da80714,c52e637e-bbf0-e028-494a-bf3a4a9ed3b4,698360004,Diabetes self management plan,15777000,Prediabetes
041cfa3b-e878-1279-5ef7-8fee1346939b,2008-01-26,,951e4d04-eca9-39c7-3692-64860fb9c7c9,d9bf2b24-4e0b-0134-23b2-b3388356b9a2,443402002,Lifestyle education regarding hypertension,59621000,Essential hypertension (disorder)
c5ce7f8f-8ca6-22f7-4f08-0e58ea32c76e,2016-01-08,,951e4d04-eca9-39c7-3692-64860fb9c7c9,94ef4cb3-5134-8466-8139-d30a69e4458d,734163000,Care plan (record artifact),78275009,Obstructive sleep apnea syndrome (disorder)
e0908d81-ef24-8f4f-a76f-3fd358a96f38,2024-03-11,2024-03-27,d7149624-0c45-9dea-d5df-275a4da80714,13264d65-f00f-b5a3-066e-71bd5a3350f9,773513001,Physiotherapy care plan (record artifact),44465007,Sprain of ankle
895c704c-bfe6-9998-0918-b840ae1cb456,2015-09-01,,e6373e7f-5ad1-f56e-62f1-28c6fa33d477,7f264644-23fe-a33f-771d-ffed848ed3e2,443402002,Lifestyle education regarding hypertension,59621000,Essential hypertension (disorder)
24de90ff-caae-f441-0e92-99be69c51318,1997-01-07,,5f826a71-4e86-3df4-1eec-7dd1efccf1c2,fe43fdef-a470-5799-3e0d-b768f5bbca4d,734163000,Care plan (record artifact),,
08e065c0-cf01-04d9-a408-93144a69447e,2021-10-12,,e6373e7f-5ad1-f56e-62f1-28c6fa33d477,6ca7aeac-5a38-e23b-41b6-b12486676aff,698360004,Diabetes self management plan,15777000,Prediabetes
e4ab71da-e5c0-a864-940f-bf7577292aeb,2009-06-14,2009-06-24,5f826a71-4e86-3df4-1eec-7dd1efccf1c2,23161bd5-5ef6-2595-5bb8-fd96d24d1978,53950000,Respiratory therapy,,
d7df2263-5847-cb91-2655-bbe695913fd5,2007-11-04,,7f97c463-e594-42a6-d856-1baa102aecab,9adfade4-94fc-8e32-6195-fb1ae309389d,698360004,Diabetes self management plan,15777000,Prediabetes
3d522411-7b91-177c-b72a-aeacb239d962,2002-06-14,,07c3242f-44ff-30d8-68fc-faf02ecee06a,8dfb1633-b100-6ca2-abe3-c32b580225a3,698360004,Diabetes self management plan,15777000,Prediabetes
1b66946f-bbb7-15a0-eb94-1b2e4f8e290d,2013-05-10,,07c3242f-44ff-30d8-68fc-faf02ecee06a,c5bc74dc-e5b6-7e6d-3bb2-b154f95a47c1,736285004,Hyperlipidemia clinical management plan,55822004,Hyperlipidemia
b146c15f-0880-9294-e701-460351d86fe6,1981-07-13,,64d3d6c8-74e1-65c6-f9d2-87b5c30da892,b24583a9-e0df-b0e6-1125-9b4dab35fc7c,698360004,Diabetes self management plan,15777000,Prediabetes
2e63fe94-4a1f-f4f3-241b-921aa581d29a,2002-10-06,,64d3d6c8-74e1-65c6-f9d2-87b5c30da892,9131c356-c1d7-9625-ffc9-6452bf83b422,408869004,Musculoskeletal care,201834006,Localized  primary osteoarthritis of the hand
2075f332-e68c-8f87-5281-c98584509142,2003-05-26,,64d3d6c8-74e1-65c6-f9d2-87b5c30da892,275435c2-93c6-6a96-2e2b-539bb7d5be50,736285004,Hyperlipidemia clinical management plan,55822004,Hyperlipidemia
75825d74-e777-4890-063e-fcdd7a041c0d,1999-10-15,,228780df-c048-6273-8147-8bcaf54f15bf,b8c2f9ce-efe9-4fa2-8754-3cf1e17be6a1,734163000,Care plan (record artifact),,
4c1c20b2-d729-c7ba-f91a-5cec4a131af5,2019-07-09,,228780df-c048-6273-8147-8bcaf54f15bf,cce035ba-6946-9014-1653-aa67901fd6d7,698360004,Diabetes self management plan,15777000,Prediabetes
