DATE,PATIENT,ENCOUNTER,CODE,DESCRIPTION,BASE_COST
2023-07-03T18:41:29Z,f4121a48-475c-0de0-c89d-85b7e37f485c,9def9b14-5fef-c94c-7666-b87c6edd6b59,140,Influenza  seasonal  injectable  preservative free,136.00
2024-05-02T10:57:11Z,e33b47ff-e301-26de-2545-9f087fd38679,ff2adb20-efa8-5cd6-8238-72f6b2b5a14d,140,Influenza  seasonal  injectable  preservative free,136.00
2024-01-01T18:41:29Z,f4121a48-475c-0de0-c89d-85b7e37f485c,807c71cd-e436-6602-e8d2-5aa2353f2a1c,83,Hep A  ped/adol  2 dose,136.00
2025-05-08T10:57:11Z,e33b47ff-e301-26de-2545-9f087fd38679,f37af610-8396-3624-8f66-bafe01611b94,140,Influenza  seasonal  injectable  preservative free,136.00
2024-07-01T18:41:29Z,f4121a48-475c-0de0-c89d-85b7e37f485c,9e205afc-2f45-b790-e598-3b619299c954,140,Influenza  seasonal  injectable  preservative free,136.00
2024-07-09T21:28:00Z,0d9cd8c7-2834-2270-fdb5-89cc91961fbe,daf3e4aa-c324-9679-a16f-592851048591,140,Influenza  seasonal  injectable  preservative free,136.00
2024-07-09T21:28:00Z,0d9cd8c7-2834-2270-fdb5-89cc91961fbe,daf3e4aa-c324-9679-a16f-592851048591,113,Td (adult)  5 Lf tetanus toxoid  preservative free  adsorbed,136.00
2024-06-06T17:25:21Z,928bf3ee-fd79-c664-fb75-f372fb2bb1c3,1ea2e6c3-e7c0-3cf5-0b68-39ae4a126170,140,Influenza  seasonal  injectable  preservative free,136.00
2024-04-12T09:29:25Z,0a2c6aab-739a-a71d-bb5b-c3e86e1483b3,3eb382e8-1321-1e6b-e40c-45ca31d6b611,140,Influenza  seasonal  injectable  preservative free,136.00
2025-04-18T09:29:25Z,0a2c6aab-739a-a71d-bb5b-c3e86e1483b3,8ba1269a-a696-ab3b-593b-1be13c9275c8,121,zoster vaccine  live,136.00
2025-04-18T09:29:25Z,0a2c6aab-739a-a71d-bb5b-c3e86e1483b3,8ba1269a-a696-ab3b-593b-1be13c9275c8,140,Influenza  seasonal  injectable  preservative free,136.00
2023-09-13T18:58:06Z,d225d14d-5afe-32fc-9d9d-a4c5a39cf58e,9df82764-62f3-4d68-6fcd-609e66d98779,121,zoster vaccine  live,136.00
2023-09-13T18:58:06Z,d225d14d-5afe-32fc-9d9d-a4c5a39cf58e,9df82764-62f3-4d68-6fcd-609e66d98779,140,Influenza  seasonal  injectable  preservative free,136.00
2023-09-13T18:58:06Z,d225d14d-5afe-32fc-9d9d-a4c5a39cf58e,9df82764-62f3-4d68-6fcd-609e66d98779,113,Td (adult)  5 Lf tetanus toxoid  preservative free  adsorbed,136.00
2024-09-18T18:58:06Z,d225d14d-5afe-32fc-9d9d-a4c5a39cf58e,8a813445-6fcb-46a7-c80d-8ec9e340f05a,140,Influenza  seasonal  injectable  preservative free,136.00
2024-04-30T03:46:39Z,8933bcce-7d5c-86e5-fb14-2339146314de,c5ffdcc2-58be-43e1-3568-60103bdb458e,140,Influenza  seasonal  injectable  preservative free,136.00
2025-05-06T03:46:39Z,8933bcce-7d5c-86e5-fb14-2339146314de,1c421cf9-6f97-01c8-c2dd-6bbb08912e15,140,Influenza  seasonal  injectable  preservative free,136.00
2024-03-09T21:36:47Z,f6391b6e-b9a3-253e-6bf8-fb2888c7c5a8,00c8500b-b129-6a0b-0668-10f07a107a78,140,Influenza  seasonal  injectable  preservative free,136.00
2025-03-15T21:36:47Z,f6391b6e-b9a3-253e-6bf8-fb2888c7c5a8,f5e21273-a11d-ef7f-8861-e336e4c85a5a,140,Influenza  seasonal  injectable  preservative free,136.00
2024-11-22T12:13:15Z,20386612-39ff-237b-8616-385d5888db81,e8d605fc-1417-ec42-77e1-00a33272c7da,140,Influenza  seasonal  injectable  preservative free,136.00
2024-11-22T12:13:15Z,20386612-39ff-237b-8616-385d5888db81,e8d605fc-1417-ec42-77e1-00a33272c7da,113,Td (adult)  5 Lf tetanus toxoid  preservative free  adsorbed,136.00
2024-11-22T12:13:15Z,20386612-39ff-237b-8616-385d5888db81,e8d605fc-1417-ec42-77e1-00a33272c7da,43,Hep B  adult,136.00
2024-11-22T12:13:15Z,20386612-39ff-237b-8616-385d5888db81,e8d605fc-1417-ec42-77e1-00a33272c7da,114,meningococcal MCV4P,136.00
2024-05-20T00:12:32Z,3158818b-e34d-72dd-0a16-09c8d1738237,886a7615-02c8-a660-615c-7c30377633c6,140,Influenza  seasonal  injectable  preservative free,136.00
2025-06-02T00:12:32Z,3158818b-e34d-72dd-0a16-09c8d1738237,e152d7c9-eae3-72d4-70b3-bb43c39f27e0,140,Influenza  seasonal  injectable  preservative free,136.00
2024-03-09T05:33:36Z,61c64975-a2f7-befc-26cf-efb47ca83daa,2680fb66-df48-4509-277c-973bbfe1edf8,140,Influenza  seasonal  injectable  preservative free,136.00
2025-01-25T05:33:36Z,61c64975-a2f7-befc-26cf-efb47ca83daa,bc568a0c-7ae2-9052-7a0b-11fce7695bfa,140,Influenza  seasonal  injectable  preservative free,136.00
2025-03-15T05:33:36Z,61c64975-a2f7-befc-26cf-efb47ca83daa,044be88a-9f8e-b416-8a45-201cb729bb4d,115,Tdap,136.00
2025-03-15T05:33:36Z,61c64975-a2f7-befc-26cf-efb47ca83daa,044be88a-9f8e-b416-8a45-201cb729bb4d,62,HPV  quadrivalent,136.00
2025-03-15T05:33:36Z,61c64975-a2f7-befc-26cf-efb47ca83daa,044be88a-9f8e-b416-8a45-201cb729bb4d,114,meningococcal MCV4P,136.00
2024-05-07T03:02:41Z,cb7d639c-cb95-6143-4227-c8bdb2ff7832,6ba8c3b4-4d20-4020-b2ae-532943237c42,140,Influenza  seasonal  injectable  preservative free,136.00
2025-05-13T03:02:41Z,cb7d639c-cb95-6143-4227-c8bdb2ff7832,41e6c3a5-fba7-eb73-2e21-c20012f184cc,140,Influenza  seasonal  injectable  preservative free,136.00
2023-09-13T19:12:51Z,e174aebd-f34e-da65-68da-44215f60e15d,a1445541-92d5-1359-e24b-638df16ce3bf,140,Influenza  seasonal  injectable  preservative free,136.00
2024-09-18T19:12:51Z,e174aebd-f34e-da65-68da-44215f60e15d,2cfaebfd-c3f1-f29a-375f-aea934ca1fcc,140,Influenza  seasonal  injectable  preservative free,136.00
2023-10-16T00:54:26Z,4d22a32b-095c-d833-e1a8-fdf3b667e7cb,13e39041-e3e5-5c97-4a95-7c715e6c6e22,83,Hep A  ped/adol  2 dose,136.00
2024-04-15T00:54:26Z,4d22a32b-095c-d833-e1a8-fdf3b667e7cb,2fd3f5db-cb08-a776-a05b-54216bee5262,140,Influenza  seasonal  injectable  preservative free,136.00
2025-04-14T00:54:26Z,4d22a32b-095c-d833-e1a8-fdf3b667e7cb,688f6808-83ca-f44e-93d1-69e74c135be0,140,Influenza  seasonal  injectable  preservative free,136.00
2006-09-07T01:22:38Z,e4fc9097-f704-fca0-fb7b-6e6f716c06dd,6bc8cd0f-6fe7-436f-9f4c-8b3e799688bb,140,Influenza  seasonal  injectable  preservative free,136.00
2007-09-13T01:22:38Z,e4fc9097-f704-fca0-fb7b-6e6f716c06dd,20986ff5-cece-c8d3-82a8-f3d576b37ac9,140,Influenza  seasonal  injectable  preservative free,136.00
2023-10-07T15:54:31Z,bb8fd290-8580-5a13-d943-bbcee1b50686,cdfdfe93-ebec-1ad3-7fde-92d13ee6aa27,140,Influenza  seasonal  injectable  preservative free,136.00
2023-07-26T23:46:24Z,501c2f59-4465-ae23-d53a-7b37ccad8d1d,36b26031-e3cb-4a44-a119-3d4fc127bbbd,140,Influenza  seasonal  injectable  preservative free,136.00
2024-07-31T23:46:24Z,501c2f59-4465-ae23-d53a-7b37ccad8d1d,533e9fb1-c4c5-7626-f153-58f5e9b00fe0,140,Influenza  seasonal  injectable  preservative free,136.00
2024-08-08T18:41:58Z,2564f91f-4a75-154c-95b0-6ac802f7dc64,b13e700c-5a33-8ca6-193c-2f82317fb4c5,140,Influenza  seasonal  injectable  preservative free,136.00
2024-08-08T18:41:58Z,2564f91f-4a75-154c-95b0-6ac802f7dc64,b13e700c-5a33-8ca6-193c-2f82317fb4c5,113,Td (adult)  5 Lf tetanus toxoid  preservative free  adsorbed,136.00
2024-08-08T18:41:58Z,2564f91f-4a75-154c-95b0-6ac802f7dc64,b13e700c-5a33-8ca6-193c-2f82317fb4c5,43,Hep B  adult,136.00
2024-08-08T18:41:58Z,2564f91f-4a75-154c-95b0-6ac802f7dc64,b13e700c-5a33-8ca6-193c-2f82317fb4c5,114,meningococcal MCV4P,136.00
2024-04-15T19:53:29Z,5a21faff-17ab-819f-e931-fbd8d101541d,f7744a91-d220-adf6-bb5d-879cc8af82bc,140,Influenza  seasonal  injectable  preservative free,136.00
2025-04-21T19:53:29Z,5a21faff-17ab-819f-e931-fbd8d101541d,8efd914e-2e7c-1339-5cad-60206bc39fc7,140,Influenza  seasonal  injectable  preservative free,136.00
2024-03-24T23:50:23Z,37a53aa4-8755-8332-8207-ecc6a6a54b31,6ac53822-ef1c-7cf5-2942-1c209bdc6fca,140,Influenza  seasonal  injectable  preservative free,136.00
2025-03-30T23:50:23Z,37a53aa4-8755-8332-8207-ecc6a6a54b31,11bd320b-f105-16f7-af14-c96de1c6de14,140,Influenza  seasonal  injectable  preservative free,136.00
2021-01-22T16:39:30Z,6c57731a-38a5-c620-e88f-add2e2f00ca2,70559fd6-706e-4e9b-8b08-dd4692c03b97,208,SARS-COV-2 (COVID-19) vaccine  mRNA  spike protein  LNP  preservative free  30 mcg/0.3mL dose,136.00
2021-02-12T16:39:30Z,6c57731a-38a5-c620-e88f-add2e2f00ca2,4335cd0e-9814-1dec-00a1-d9746073b59a,208,SARS-COV-2 (COVID-19) vaccine  mRNA  spike protein  LNP  preservative free  30 mcg/0.3mL dose,136.00
2021-10-08T16:39:30Z,6c57731a-38a5-c620-e88f-add2e2f00ca2,7d71f4e8-fac1-5119-0c88-a09f39c5d4dc,121,zoster vaccine  live,136.00
2021-10-08T16:39:30Z,6c57731a-38a5-c620-e88f-add2e2f00ca2,7d71f4e8-fac1-5119-0c88-a09f39c5d4dc,140,Influenza  seasonal  injectable  preservative free,136.00
2025-02-24T16:13:00Z,bb204471-a759-2d20-a41e-6dbb6d4ecc6e,83b27b7b-42c5-39a8-f39c-054477b7ca1f,140,Influenza  seasonal  injectable  preservative free,136.00
2024-04-14T02:59:28Z,c1bc33cc-d343-f5d2-76d9-21300687a96c,d3b4e7d2-fe14-96e3-537b-4d53b4fcdf16,140,Influenza  seasonal  injectable  preservative free,136.00
2025-04-20T02:59:28Z,c1bc33cc-d343-f5d2-76d9-21300687a96c,f8e06a77-8b1e-8369-5905-f7da8861e0e8,140,Influenza  seasonal  injectable  preservative free,136.00
2024-04-15T18:04:47Z,0b2b64a5-e920-332e-0a14-e6e6fcb5d0ca,66ed79ad-5a1c-38f4-3542-02ea2138c9a9,140,Influenza  seasonal  injectable  preservative free,136.00
2025-04-21T18:04:47Z,0b2b64a5-e920-332e-0a14-e6e6fcb5d0ca,507b09db-4ecb-8a98-c2eb-59003d5f3c1e,140,Influenza  seasonal  injectable  preservative free,136.00
2023-12-21T01:22:38Z,7dfd0898-8eab-ebcc-e9f9-24d3cb044ba0,8a2ea072-f282-d902-5610-72662f66858a,140,Influenza  seasonal  injectable  preservative free,136.00
2024-12-26T01:22:38Z,7dfd0898-8eab-ebcc-e9f9-24d3cb044ba0,58110e22-e3f0-1587-f5f6-00cc75c8a077,140,Influenza  seasonal  injectable  preservative free,136.00
2024-04-16T15:29:30Z,bb1dcba1-fe7a-7133-c745-c941cf9a43bb,93cfaf9b-1e63-f58a-7f89-3810478f424d,140,Influenza  seasonal  injectable  preservative free,136.00
2024-04-16T15:29:30Z,bb1dcba1-fe7a-7133-c745-c941cf9a43bb,93cfaf9b-1e63-f58a-7f89-3810478f424d,113,Td (adult)  5 Lf tetanus toxoid  preservative free  adsorbed,136.00
2024-04-16T15:29:30Z,bb1dcba1-fe7a-7133-c745-c941cf9a43bb,93cfaf9b-1e63-f58a-7f89-3810478f424d,52,Hep A  adult,136.00
2017-04-20T15:55:58Z,22dd6cde-f765-1627-d0da-6ce7f83d15b6,e477d1d5-e8fb-9167-8c3c-6bcdfce546af,140,Influenza  seasonal  injectable  preservative free,136.00
2018-04-26T15:55:58Z,22dd6cde-f765-1627-d0da-6ce7f83d15b6,780d5163-fcc5-1b45-9e24-acfe57afe88d,140,Influenza  seasonal  injectable  preservative free,136.00
2025-04-22T15:29:30Z,bb1dcba1-fe7a-7133-c745-c941cf9a43bb,e04617ea-2f0f-79a1-95d9-c7da4071bcc1,140,Influenza  seasonal  injectable  preservative free,136.00
2023-07-05T23:23:49Z,fcbb8af2-d82d-a585-5296-23dfa49b3e96,20b1b4f0-862a-9b6e-877c-6266d91055c8,140,Influenza  seasonal  injectable  preservative free,136.00
2024-07-10T23:23:49Z,fcbb8af2-d82d-a585-5296-23dfa49b3e96,c2841077-2978-8d3f-1cb3-87b6f77faeab,140,Influenza  seasonal  injectable  preservative free,136.00
2019-03-26T18:02:37Z,76e71e7a-00be-7f8c-2126-e8c5b32ec4ab,23c749d3-0237-6a92-8321-059ee355ea3a,140,Influenza  seasonal  injectable  preservative free,136.00
2020-03-31T18:02:37Z,76e71e7a-00be-7f8c-2126-e8c5b32ec4ab,f1f12daa-b7bc-3634-375f-38ffd408c8e4,140,Influenza  seasonal  injectable  preservative free,136.00
2024-03-25T20:36:55Z,b5cd2b6d-379b-0891-a65e-2e6a4adbf959,9bcbee8f-f40e-777e-5ca4-563edf2364b4,140,Influenza  seasonal  injectable  preservative free,136.00
2025-03-31T20:36:55Z,b5cd2b6d-379b-0891-a65e-2e6a4adbf959,f2f5c56b-8ddd-d0e7-41c8-7ccef2c7a0b1,140,Influenza  seasonal  injectable  preservative free,136.00
2023-10-20T16:39:30Z,81d285ac-abeb-530c-1e55-08f4498b7fc1,0b5f109b-324b-3513-f301-6dfcf6cc96b5,140,Influenza  seasonal  injectable  preservative free,136.00
2024-10-25T16:39:30Z,81d285ac-abeb-530c-1e55-08f4498b7fc1,938cef33-c2f4-4af4-bdc2-df231c18c540,140,Influenza  seasonal  injectable  preservative free,136.00
2024-10-01T11:31:00Z,c1f7fa66-3bf6-a864-00d1-15808e400e0f,c5dcd838-77c4-5355-40fc-88be029791eb,140,Influenza  seasonal  injectable  preservative free,136.00
2024-10-01T11:31:00Z,c1f7fa66-3bf6-a864-00d1-15808e400e0f,c5dcd838-77c4-5355-40fc-88be029791eb,113,Td (adult)  5 Lf tetanus toxoid  preservative free  adsorbed,136.00
2024-04-28T14:04:23Z,25605c52-7c3d-1eda-14dd-e3e8ab7f19c6,8e58d8c0-ce9a-65c9-34a8-985255efdf92,140,Influenza  seasonal  injectable  preservative free,136.00
2024-05-26T14:04:23Z,25605c52-7c3d-1eda-14dd-e3e8ab7f19c6,68d9462f-4c2f-2f83-9227-c6acd99a2360,140,Influenza  seasonal  injectable  preservative free,136.00
2025-05-25T14:04:23Z,25605c52-7c3d-1eda-14dd-e3e8ab7f19c6,680f7473-9e59-5f5b-04d4-0291a3aab9b9,121,zoster vaccine  live,136.00
2025-05-25T14:04:23Z,25605c52-7c3d-1eda-14dd-e3e8ab7f19c6,680f7473-9e59-5f5b-04d4-0291a3aab9b9,140,Influenza  seasonal  injectable  preservative free,136.00
2023-09-05T12:41:36Z,fe92d8b6-def2-1efa-d9a9-734c5bf36495,f6863214-941c-f5d9-4d9a-17f922a9da1c,140,Influenza  seasonal  injectable  preservative free,136.00
2024-09-10T12:41:36Z,fe92d8b6-def2-1efa-d9a9-734c5bf36495,3c3697f5-1c00-bf57-de62-303867a44c15,140,Influenza  seasonal  injectable  preservative free,136.00
2024-09-10T12:41:36Z,fe92d8b6-def2-1efa-d9a9-734c5bf36495,3c3697f5-1c00-bf57-de62-303867a44c15,113,Td (adult)  5 Lf tetanus toxoid  preservative free  adsorbed,136.00
2025-04-04T18:14:30Z,46792287-7448-3ba2-86d9-60dcb895d0f7,460d3234-deb2-acaf-e915-adedad707e48,140,Influenza  seasonal  injectable  preservative free,136.00
2024-04-27T20:44:29Z,16802cd8-7114-aec9-b0d1-c2ad9f6cddb9,c357254f-1f56-02cc-3318-fe887f5f98c3,140,Influenza  seasonal  injectable  preservative free,136.00
2025-05-03T20:44:29Z,16802cd8-7114-aec9-b0d1-c2ad9f6cddb9,11b5d191-0b85-14b9-43ed-c49a60ec47ab,140,Influenza  seasonal  injectable  preservative free,136.00
2025-05-03T20:44:29Z,16802cd8-7114-aec9-b0d1-c2ad9f6cddb9,11b5d191-0b85-14b9-43ed-c49a60ec47ab,113,Td (adult)  5 Lf tetanus toxoid  preservative free  adsorbed,136.00
2023-07-10T10:53:35Z,5cf330bf-2f25-ebdf-c805-724235e8a534,32a3dc66-9e06-31cd-181a-67548bdc1a3f,140,Influenza  seasonal  injectable  preservative free,136.00
2024-07-15T10:53:35Z,5cf330bf-2f25-ebdf-c805-724235e8a534,a04a366c-e493-d1ab-25ea-4efc19ffc8d6,140,Influenza  seasonal  injectable  preservative free,136.00
2023-08-12T03:23:41Z,e32dc4a1-5309-8d09-8915-05ef29159617,dce2c76e-5e5b-2cde-733b-9e2d918a2682,140,Influenza  seasonal  injectable  preservative free,136.00
2024-04-23T18:02:37Z,c43065f9-25da-ba36-e792-4c8cb6f519c9,60b08656-581d-5a6e-6e8b-7bc1b21805d6,140,Influenza  seasonal  injectable  preservative free,136.00
2025-04-29T18:02:37Z,c43065f9-25da-ba36-e792-4c8cb6f519c9,37051757-6c5a-043e-0b63-b753e209bfd6,140,Influenza  seasonal  injectable  preservative free,136.00
2023-04-25T12:41:36Z,596c3d09-6ac5-f431-2570-31a78e0fe880,c353d32f-1530-fb9c-dea7-42100842cd3a,140,Influenza  seasonal  injectable  preservative free,136.00
2024-09-24T12:41:36Z,596c3d09-6ac5-f431-2570-31a78e0fe880,1450c23e-8b99-2ac5-eb7a-f64518ac381f,140,Influenza  seasonal  injectable  preservative free,136.00
2024-09-24T12:41:36Z,596c3d09-6ac5-f431-2570-31a78e0fe880,1450c23e-8b99-2ac5-eb7a-f64518ac381f,113,Td (adult)  5 Lf tetanus toxoid  preservative free  adsorbed,136.00
2024-04-14T01:14:48Z,47ecacc5-d7fa-d717-68ef-47e0e5ce0bb8,322d7e56-1b52-679e-f470-9fe99cb81a6f,140,Influenza  seasonal  injectable  preservative free,136.00
2024-04-14T01:14:48Z,47ecacc5-d7fa-d717-68ef-47e0e5ce0bb8,322d7e56-1b52-679e-f470-9fe99cb81a6f,52,Hep A  adult,136.00
2024-03-30T02:34:41Z,11d21bd8-be75-250b-f0cc-ee26d3beaf74,7c86642f-c997-a33c-f81e-fccd7087e898,140,Influenza  seasonal  injectable  preservative free,136.00
2024-03-30T02:34:41Z,11d21bd8-be75-250b-f0cc-ee26d3beaf74,7c86642f-c997-a33c-f81e-fccd7087e898,113,Td (adult)  5 Lf tetanus toxoid  preservative free  adsorbed,136.00
2025-04-27T01:14:48Z,47ecacc5-d7fa-d717-68ef-47e0e5ce0bb8,2f8c7646-51c2-55d8-43b1-ae01024e69ef,140,Influenza  seasonal  injectable  preservative free,136.00
2025-04-27T01:14:48Z,47ecacc5-d7fa-d717-68ef-47e0e5ce0bb8,2f8c7646-51c2-55d8-43b1-ae01024e69ef,113,Td (adult)  5 Lf tetanus toxoid  preservative free  adsorbed,136.00
2025-04-27T01:14:48Z,47ecacc5-d7fa-d717-68ef-47e0e5ce0bb8,2f8c7646-51c2-55d8-43b1-ae01024e69ef,52,Hep A  adult,136.00
2023-07-29T01:18:25Z,f4bb2637-8130-5aa7-ceb4-cf5100549d0a,69254f4d-9707-d5ef-899f-0157669ae2be,140,Influenza  seasonal  injectable  preservative free,136.00
2024-08-03T01:18:25Z,f4bb2637-8130-5aa7-ceb4-cf5100549d0a,286df6ac-36c1-8ca9-b860-f7dcd99d3ec1,140,Influenza  seasonal  injectable  preservative free,136.00
2024-04-18T08:42:03Z,10d8a3fc-024f-ba1e-ac69-6eaff2b386ef,857c3f42-99b6-80c1-b99e-cd98be8854d8,140,Influenza  seasonal  injectable  preservative free,136.00
2024-04-15T08:46:05Z,b244d132-2a9a-af69-04b1-ba26a1ec385f,3e895d6b-4bf8-024c-3ea9-c58dbfa2410a,140,Influenza  seasonal  injectable  preservative free,136.00
2025-04-21T08:46:05Z,b244d132-2a9a-af69-04b1-ba26a1ec385f,b3c7af26-daad-f4da-9b3a-7b08cd34c50a,140,Influenza  seasonal  injectable  preservative free,136.00
2023-07-07T10:39:17Z,90bb89d1-d976-b7c8-f2ba-12f2888524f0,1e2f60b1-c318-44e5-23c0-098c20ce4213,140,Influenza  seasonal  injectable  preservative free,136.00
2025-03-06T08:42:03Z,10d8a3fc-024f-ba1e-ac69-6eaff2b386ef,cf0ee930-f4d3-be19-c53c-61b40ca36b86,140,Influenza  seasonal  injectable  preservative free,136.00
2025-03-06T08:42:03Z,10d8a3fc-024f-ba1e-ac69-6eaff2b386ef,cf0ee930-f4d3-be19-c53c-61b40ca36b86,113,Td (adult)  5 Lf tetanus toxoid  preservative free  adsorbed,136.00
2025-04-24T08:42:03Z,10d8a3fc-024f-ba1e-ac69-6eaff2b386ef,3e12c839-7f54-04d5-fa81-28a7deceec30,140,Influenza  seasonal  injectable  preservative free,136.00
2024-07-12T10:39:17Z,90bb89d1-d976-b7c8-f2ba-12f2888524f0,f0ac9d35-30f1-d372-4054-42f015257371,140,Influenza  seasonal  injectable  preservative free,136.00
2023-11-01T01:12:37Z,0a5bc671-5b64-8f17-1069-47e541946b11,14487028-334a-7f8f-430e-d26bb004b429,140,Influenza  seasonal  injectable  preservative free,136.00
2024-11-06T01:12:37Z,0a5bc671-5b64-8f17-1069-47e541946b11,ce808c1c-07c4-2930-1099-8081ec0306b9,140,Influenza  seasonal  injectable  preservative free,136.00
2024-11-06T01:12:37Z,0a5bc671-5b64-8f17-1069-47e541946b11,ce808c1c-07c4-2930-1099-8081ec0306b9,52,Hep A  adult,136.00
2024-05-06T06:19:35Z,abcce2fb-988c-a59d-670f-bc2b4b7335fc,a823a53c-f0e2-0946-aa13-28fb9bd6d821,140,Influenza  seasonal  injectable  preservative free,136.00
2025-05-12T06:19:35Z,abcce2fb-988c-a59d-670f-bc2b4b7335fc,920a42b7-851f-3295-cb9f-9d437d7a4025,140,Influenza  seasonal  injectable  preservative free,136.00
2025-05-12T06:19:35Z,abcce2fb-988c-a59d-670f-bc2b4b7335fc,920a42b7-851f-3295-cb9f-9d437d7a4025,113,Td (adult)  5 Lf tetanus toxoid  preservative free  adsorbed,136.00
2024-02-16T22:31:44Z,01b14e05-f7ba-82c4-f007-1d7d3475bf92,14c52d83-61e5-db43-c2bb-19a7164edcdf,08,Hep B  adolescent or pediatric,136.00
2024-03-22T22:31:44Z,01b14e05-f7ba-82c4-f007-1d7d3475bf92,d2a8fd84-65f0-bb5f-7884-f3edd2316f1a,08,Hep B  adolescent or pediatric,136.00
2024-05-24T22:31:44Z,01b14e05-f7ba-82c4-f007-1d7d3475bf92,17cc35f3-a66d-a2fc-d0f5-b3a3def8a36b,49,Hib (PRP-OMP),136.00
2024-05-24T22:31:44Z,01b14e05-f7ba-82c4-f007-1d7d3475bf92,17cc35f3-a66d-a2fc-d0f5-b3a3def8a36b,119,rotavirus  monovalent,136.00
2024-05-24T22:31:44Z,01b14e05-f7ba-82c4-f007-1d7d3475bf92,17cc35f3-a66d-a2fc-d0f5-b3a3def8a36b,10,IPV,136.00
2024-05-24T22:31:44Z,01b14e05-f7ba-82c4-f007-1d7d3475bf92,17cc35f3-a66d-a2fc-d0f5-b3a3def8a36b,20,DTaP,136.00
2024-05-24T22:31:44Z,01b14e05-f7ba-82c4-f007-1d7d3475bf92,17cc35f3-a66d-a2fc-d0f5-b3a3def8a36b,133,Pneumococcal conjugate PCV 13,136.00
2024-07-26T22:31:44Z,01b14e05-f7ba-82c4-f007-1d7d3475bf92,b9070158-8693-7d70-89bb-1b6cdbbc875f,49,Hib (PRP-OMP),136.00
2024-07-26T22:31:44Z,01b14e05-f7ba-82c4-f007-1d7d3475bf92,b9070158-8693-7d70-89bb-1b6cdbbc875f,119,rotavirus  monovalent,136.00
2024-07-26T22:31:44Z,01b14e05-f7ba-82c4-f007-1d7d3475bf92,b9070158-8693-7d70-89bb-1b6cdbbc875f,10,IPV,136.00
2024-07-26T22:31:44Z,01b14e05-f7ba-82c4-f007-1d7d3475bf92,b9070158-8693-7d70-89bb-1b6cdbbc875f,20,DTaP,136.00
2024-07-26T22:31:44Z,01b14e05-f7ba-82c4-f007-1d7d3475bf92,b9070158-8693-7d70-89bb-1b6cdbbc875f,133,Pneumococcal conjugate PCV 13,136.00
2024-10-25T22:31:44Z,01b14e05-f7ba-82c4-f007-1d7d3475bf92,188697ea-51dc-c1ea-f920-0733351948be,10,IPV,136.00
2024-10-25T22:31:44Z,01b14e05-f7ba-82c4-f007-1d7d3475bf92,188697ea-51dc-c1ea-f920-0733351948be,140,Influenza  seasonal  injectable  preservative free,136.00
2024-10-25T22:31:44Z,01b14e05-f7ba-82c4-f007-1d7d3475bf92,188697ea-51dc-c1ea-f920-0733351948be,20,DTaP,136.00
2024-10-25T22:31:44Z,01b14e05-f7ba-82c4-f007-1d7d3475bf92,188697ea-51dc-c1ea-f920-0733351948be,133,Pneumococcal conjugate PCV 13,136.00
2024-10-25T22:31:44Z,01b14e05-f7ba-82c4-f007-1d7d3475bf92,188697ea-51dc-c1ea-f920-0733351948be,08,Hep B  adolescent or pediatric,136.00
2025-04-25T22:31:44Z,01b14e05-f7ba-82c4-f007-1d7d3475bf92,4ee9f79d-9fea-09f1-e939-e32b69ce9998,49,Hib (PRP-OMP),136.00
2025-04-25T22:31:44Z,01b14e05-f7ba-82c4-f007-1d7d3475bf92,4ee9f79d-9fea-09f1-e939-e32b69ce9998,21,varicella,136.00
2025-04-25T22:31:44Z,01b14e05-f7ba-82c4-f007-1d7d3475bf92,4ee9f79d-9fea-09f1-e939-e32b69ce9998,03,MMR,136.00
2025-04-25T22:31:44Z,01b14e05-f7ba-82c4-f007-1d7d3475bf92,4ee9f79d-9fea-09f1-e939-e32b69ce9998,133,Pneumococcal conjugate PCV 13,136.00
2025-04-25T22:31:44Z,01b14e05-f7ba-82c4-f007-1d7d3475bf92,4ee9f79d-9fea-09f1-e939-e32b69ce9998,83,Hep A  ped/adol  2 dose,136.00
2024-06-12T06:18:30Z,55043a61-aa7c-015f-1ab9-a7b2b86be1e0,58c2c7d7-7439-5ff2-4b33-94e9bba1057f,140,Influenza  seasonal  injectable  preservative free,136.00
2025-01-08T06:18:30Z,55043a61-aa7c-015f-1ab9-a7b2b86be1e0,86f9fe63-b933-e0a9-19d3-258cd6539678,140,Influenza  seasonal  injectable  preservative free,136.00
2023-07-25T12:41:36Z,c2b8d23b-1170-6ad7-0220-74a514d1c8a7,43e869df-a013-3722-e4a2-c9353ba6f149,140,Influenza  seasonal  injectable  preservative free,136.00
2024-07-30T12:41:36Z,c2b8d23b-1170-6ad7-0220-74a514d1c8a7,ef339244-7e7c-028f-5625-a6f48952ee98,140,Influenza  seasonal  injectable  preservative free,136.00
2024-07-30T12:41:36Z,c2b8d23b-1170-6ad7-0220-74a514d1c8a7,ef339244-7e7c-028f-5625-a6f48952ee98,113,Td (adult)  5 Lf tetanus toxoid  preservative free  adsorbed,136.00
2025-02-04T12:41:36Z,c2b8d23b-1170-6ad7-0220-74a514d1c8a7,e458bfc2-bae5-309a-0b57-af66fc9517c6,140,Influenza  seasonal  injectable  preservative free,136.00
2023-06-08T15:55:58Z,fa9389ad-724b-123e-9f8c-7683dd788159,61e89493-bd82-c877-df25-5d00e8b4fbca,140,Influenza  seasonal  injectable  preservative free,136.00
2024-06-13T15:55:58Z,fa9389ad-724b-123e-9f8c-7683dd788159,a6a3f801-561d-1705-7454-67ec654aa686,140,Influenza  seasonal  injectable  preservative free,136.00
2023-10-05T10:46:56Z,d9ee1b6e-7d6d-ae83-127c-2137e7a2d8ed,c39f6a35-1b07-ee5a-74fa-9df04691db0c,140,Influenza  seasonal  injectable  preservative free,136.00
2023-10-05T10:46:56Z,d9ee1b6e-7d6d-ae83-127c-2137e7a2d8ed,c39f6a35-1b07-ee5a-74fa-9df04691db0c,43,Hep B  adult,136.00
2024-10-10T10:46:56Z,d9ee1b6e-7d6d-ae83-127c-2137e7a2d8ed,cd3658d8-ed50-8a3e-3436-3a96787306d4,140,Influenza  seasonal  injectable  preservative free,136.00
2025-01-23T10:46:56Z,d9ee1b6e-7d6d-ae83-127c-2137e7a2d8ed,c1999b10-ef30-68fa-cd55-869f654f53ed,140,Influenza  seasonal  injectable  preservative free,136.00
2025-02-18T02:07:05Z,58f69b85-03fc-64cf-1917-cdbd69eec0fb,1e83bcd4-9195-0b11-0dd2-702434f453f5,140,Influenza  seasonal  injectable  preservative free,136.00
2023-08-31T05:51:20Z,5b1bc15e-47c6-d41f-4dbe-f420f37d7b8f,7f70765f-13ff-42c6-8f5a-9eb09f407310,140,Influenza  seasonal  injectable  preservative free,136.00
2024-09-05T05:51:20Z,5b1bc15e-47c6-d41f-4dbe-f420f37d7b8f,f303ddac-8712-26c0-4b3b-98d5dffefed8,140,Influenza  seasonal  injectable  preservative free,136.00
2023-07-21T13:20:18Z,c25511b1-1725-1b5c-a1a4-7820915013c7,fbf5c6e5-a54b-8794-8cb3-3eddfa3be691,140,Influenza  seasonal  injectable  preservative free,136.00
2024-07-26T13:20:18Z,c25511b1-1725-1b5c-a1a4-7820915013c7,edd9f2e9-fbbb-c299-0bc0-e10ab31b42bb,140,Influenza  seasonal  injectable  preservative free,136.00
2023-06-25T05:59:05Z,4ef99202-2452-40cb-7c33-6f77ee3fa6bc,76d2c7fe-136b-c273-2902-bc10dbcde62e,140,Influenza  seasonal  injectable  preservative free,136.00
2024-03-17T05:59:05Z,4ef99202-2452-40cb-7c33-6f77ee3fa6bc,5ad2281f-09cb-269e-3f5a-1cfbbafda979,140,Influenza  seasonal  injectable  preservative free,136.00
2023-12-11T08:49:09Z,6826fc77-e3f9-72c7-3bf5-b5207e3bde15,bae87f0a-9ba3-1a38-f399-741337846ec1,08,Hep B  adolescent or pediatric,136.00
2024-01-15T08:49:09Z,6826fc77-e3f9-72c7-3bf5-b5207e3bde15,707ad685-14b4-079a-925c-7a7db79e66b3,08,Hep B  adolescent or pediatric,136.00
2024-03-18T08:49:09Z,6826fc77-e3f9-72c7-3bf5-b5207e3bde15,580a22cb-b72f-5f7e-947b-9f23f9ae3edc,49,Hib (PRP-OMP),136.00
2024-03-18T08:49:09Z,6826fc77-e3f9-72c7-3bf5-b5207e3bde15,580a22cb-b72f-5f7e-947b-9f23f9ae3edc,119,rotavirus  monovalent,136.00
2024-03-18T08:49:09Z,6826fc77-e3f9-72c7-3bf5-b5207e3bde15,580a22cb-b72f-5f7e-947b-9f23f9ae3edc,10,IPV,136.00
2024-03-18T08:49:09Z,6826fc77-e3f9-72c7-3bf5-b5207e3bde15,580a22cb-b72f-5f7e-947b-9f23f9ae3edc,20,DTaP,136.00
2024-03-18T08:49:09Z,6826fc77-e3f9-72c7-3bf5-b5207e3bde15,580a22cb-b72f-5f7e-947b-9f23f9ae3edc,133,Pneumococcal conjugate PCV 13,136.00
2024-05-20T08:49:09Z,6826fc77-e3f9-72c7-3bf5-b5207e3bde15,a6e222dd-eb47-8633-b8d2-74aacc6328cc,49,Hib (PRP-OMP),136.00
2024-05-20T08:49:09Z,6826fc77-e3f9-72c7-3bf5-b5207e3bde15,a6e222dd-eb47-8633-b8d2-74aacc6328cc,119,rotavirus  monovalent,136.00
2024-05-20T08:49:09Z,6826fc77-e3f9-72c7-3bf5-b5207e3bde15,a6e222dd-eb47-8633-b8d2-74aacc6328cc,10,IPV,136.00
2024-05-20T08:49:09Z,6826fc77-e3f9-72c7-3bf5-b5207e3bde15,a6e222dd-eb47-8633-b8d2-74aacc6328cc,20,DTaP,136.00
2024-05-20T08:49:09Z,6826fc77-e3f9-72c7-3bf5-b5207e3bde15,a6e222dd-eb47-8633-b8d2-74aacc6328cc,133,Pneumococcal conjugate PCV 13,136.00
2024-08-19T08:49:09Z,6826fc77-e3f9-72c7-3bf5-b5207e3bde15,45af33cd-7cc1-5ba0-5d43-5423cd2e46cc,10,IPV,136.00
2024-08-19T08:49:09Z,6826fc77-e3f9-72c7-3bf5-b5207e3bde15,45af33cd-7cc1-5ba0-5d43-5423cd2e46cc,140,Influenza  seasonal  injectable  preservative free,136.00
2024-08-19T08:49:09Z,6826fc77-e3f9-72c7-3bf5-b5207e3bde15,45af33cd-7cc1-5ba0-5d43-5423cd2e46cc,20,DTaP,136.00
2024-08-19T08:49:09Z,6826fc77-e3f9-72c7-3bf5-b5207e3bde15,45af33cd-7cc1-5ba0-5d43-5423cd2e46cc,133,Pneumococcal conjugate PCV 13,136.00
2024-08-19T08:49:09Z,6826fc77-e3f9-72c7-3bf5-b5207e3bde15,45af33cd-7cc1-5ba0-5d43-5423cd2e46cc,08,Hep B  adolescent or pediatric,136.00
2025-02-17T08:49:09Z,6826fc77-e3f9-72c7-3bf5-b5207e3bde15,a1aec77e-7a18-e9b6-ba10-0b669096ca16,49,Hib (PRP-OMP),136.00
2025-02-17T08:49:09Z,6826fc77-e3f9-72c7-3bf5-b5207e3bde15,a1aec77e-7a18-e9b6-ba10-0b669096ca16,21,varicella,136.00
2025-02-17T08:49:09Z,6826fc77-e3f9-72c7-3bf5-b5207e3bde15,a1aec77e-7a18-e9b6-ba10-0b669096ca16,03,MMR,136.00
2025-02-17T08:49:09Z,6826fc77-e3f9-72c7-3bf5-b5207e3bde15,a1aec77e-7a18-e9b6-ba10-0b669096ca16,133,Pneumococcal conjugate PCV 13,136.00
2025-02-17T08:49:09Z,6826fc77-e3f9-72c7-3bf5-b5207e3bde15,a1aec77e-7a18-e9b6-ba10-0b669096ca16,83,Hep A  ped/adol  2 dose,136.00
2025-05-19T08:49:09Z,6826fc77-e3f9-72c7-3bf5-b5207e3bde15,421aed75-b961-80b4-32a7-c787820f53bd,20,DTaP,136.00
2024-01-30T08:41:09Z,8ed059a0-ea3a-991e-0feb-ac48138dc4ab,67e22419-2850-9ab1-36ea-fe235f59f876,140,Influenza  seasonal  injectable  preservative free,136.00
2023-09-17T13:18:17Z,a7d5dc88-be26-d569-5da0-b7ab9356c937,92585726-e223-cc75-a3f2-310a241f2ad8,21,varicella,136.00
2023-09-17T13:18:17Z,a7d5dc88-be26-d569-5da0-b7ab9356c937,92585726-e223-cc75-a3f2-310a241f2ad8,10,IPV,136.00
2023-09-17T13:18:17Z,a7d5dc88-be26-d569-5da0-b7ab9356c937,92585726-e223-cc75-a3f2-310a241f2ad8,140,Influenza  seasonal  injectable  preservative free,136.00
2023-09-17T13:18:17Z,a7d5dc88-be26-d569-5da0-b7ab9356c937,92585726-e223-cc75-a3f2-310a241f2ad8,20,DTaP,136.00
2023-09-17T13:18:17Z,a7d5dc88-be26-d569-5da0-b7ab9356c937,92585726-e223-cc75-a3f2-310a241f2ad8,03,MMR,136.00
2024-09-22T13:18:17Z,a7d5dc88-be26-d569-5da0-b7ab9356c937,7671c772-9633-2eab-f02b-affe7b75d27c,140,Influenza  seasonal  injectable  preservative free,136.00
2019-07-05T13:46:11Z,b3218fd5-0ca6-a7c6-e92c-ce410aa8aa76,d41610b8-e04f-4888-9564-9a59e2d50921,140,Influenza  seasonal  injectable  preservative free,136.00
2020-07-10T13:46:11Z,b3218fd5-0ca6-a7c6-e92c-ce410aa8aa76,3c4f5464-80f8-dceb-0db4-bab6f09915eb,140,Influenza  seasonal  injectable  preservative free,136.00
2025-01-28T08:41:09Z,8ed059a0-ea3a-991e-0feb-ac48138dc4ab,67747ba2-e5db-ac1c-7fbc-b1efbcd4d168,140,Influenza  seasonal  injectable  preservative free,136.00
2023-08-21T22:16:14Z,e6a30d2a-f7d5-dc35-0fcc-cd4f3205986f,1cef13d1-457f-2c21-2e69-2968edf031f3,140,Influenza  seasonal  injectable  preservative free,136.00
2024-08-26T22:16:14Z,e6a30d2a-f7d5-dc35-0fcc-cd4f3205986f,d3b1054c-d73c-efd4-a7b2-00a1df468d9c,140,Influenza  seasonal  injectable  preservative free,136.00
2023-07-06T21:11:04Z,502ce0d5-72bd-eb71-9fe1-e6e201dbc599,5b9641fe-8576-545c-14dd-4c8662f5a3d4,140,Influenza  seasonal  injectable  preservative free,136.00
2023-07-06T21:11:04Z,502ce0d5-72bd-eb71-9fe1-e6e201dbc599,5b9641fe-8576-545c-14dd-4c8662f5a3d4,114,meningococcal MCV4P,136.00
2024-07-11T21:11:04Z,502ce0d5-72bd-eb71-9fe1-e6e201dbc599,9fcb97cb-4657-9691-377b-da940e19ade5,140,Influenza  seasonal  injectable  preservative free,136.00
2023-08-14T15:35:39Z,5cd76cd8-e95e-76e5-73ea-04a2704d7cac,fb868b36-d5d8-9cf6-f5b0-17ebb15d7be5,140,Influenza  seasonal  injectable  preservative free,136.00
2024-04-15T15:35:39Z,5cd76cd8-e95e-76e5-73ea-04a2704d7cac,70b61782-ccf3-88e8-9ba6-d12304101df7,140,Influenza  seasonal  injectable  preservative free,136.00
2023-09-11T14:33:44Z,34b11565-8196-037e-31a5-f297784f97c4,954bda29-ac84-7619-1f69-8921b7e36a26,140,Influenza  seasonal  injectable  preservative free,136.00
2024-09-16T14:33:44Z,34b11565-8196-037e-31a5-f297784f97c4,5fe84a78-cfa6-6c6a-7ef5-c1a61260e2db,140,Influenza  seasonal  injectable  preservative free,136.00
2023-01-05T06:49:59Z,586574b6-4b63-980f-0841-96f6a6d9ab54,83e67a10-4998-a6a3-d51d-e17f6bc1481b,140,Influenza  seasonal  injectable  preservative free,136.00
2023-02-16T06:49:59Z,586574b6-4b63-980f-0841-96f6a6d9ab54,a9dd962a-a1a9-93cd-e3ef-77b9400f929b,140,Influenza  seasonal  injectable  preservative free,136.00
2023-04-13T06:49:59Z,586574b6-4b63-980f-0841-96f6a6d9ab54,6d45c37d-c726-9fa2-9c77-8900be35f0c1,140,Influenza  seasonal  injectable  preservative free,136.00
2024-01-19T03:52:21Z,b9ebed83-8dae-9185-7b77-7507a2521251,d30dd7fb-c2e1-6fdb-3d0c-0b750b6a2d3a,140,Influenza  seasonal  injectable  preservative free,136.00
2025-01-24T03:52:21Z,b9ebed83-8dae-9185-7b77-7507a2521251,b9bad926-08c2-c99b-b92c-c8f13d93fc33,140,Influenza  seasonal  injectable  preservative free,136.00
2024-03-20T21:14:47Z,dc1d27df-97ad-7ca8-e354-bb2e448f32e8,75a9e119-4929-af97-d737-47ce04ef4da7,140,Influenza  seasonal  injectable  preservative free,136.00
2025-03-26T21:14:47Z,dc1d27df-97ad-7ca8-e354-bb2e448f32e8,5bf6e87c-9e62-b960-6803-6ae04c897f2e,140,Influenza  seasonal  injectable  preservative free,136.00
2025-03-26T21:14:47Z,dc1d27df-97ad-7ca8-e354-bb2e448f32e8,5bf6e87c-9e62-b960-6803-6ae04c897f2e,113,Td (adult)  5 Lf tetanus toxoid  preservative free  adsorbed,136.00
2023-11-25T18:27:26Z,3e4c7a24-8c5d-dc7f-a76f-fbfb8872f16c,90178f7d-9ed4-63d8-647a-69228dc36177,140,Influenza  seasonal  injectable  preservative free,136.00
2024-11-30T18:27:26Z,3e4c7a24-8c5d-dc7f-a76f-fbfb8872f16c,9275efcd-198d-5bf0-f133-b1feaafd00cf,140,Influenza  seasonal  injectable  preservative free,136.00
2023-07-28T13:46:11Z,a788d814-e56a-3ba3-2903-c427ef8aa7bb,75998034-596b-f628-c946-8439fc0c4802,140,Influenza  seasonal  injectable  preservative free,136.00
2023-07-28T13:46:11Z,a788d814-e56a-3ba3-2903-c427ef8aa7bb,75998034-596b-f628-c946-8439fc0c4802,113,Td (adult)  5 Lf tetanus toxoid  preservative free  adsorbed,136.00
2024-08-02T13:46:11Z,a788d814-e56a-3ba3-2903-c427ef8aa7bb,2320becb-f413-7d74-45f2-4fe15563974f,140,Influenza  seasonal  injectable  preservative free,136.00
2023-09-18T19:42:28Z,b0c607f7-2e50-6da0-db5d-ea63c7f41f0c,3f5c4cd5-94f3-bcec-f429-79d2a24e5585,140,Influenza  seasonal  injectable  preservative free,136.00
2024-09-23T19:42:28Z,b0c607f7-2e50-6da0-db5d-ea63c7f41f0c,d19922ea-9e37-2d5a-2843-b7409251a3fa,140,Influenza  seasonal  injectable  preservative free,136.00
2024-03-18T20:58:47Z,e84c9797-ab44-a413-f896-a9ffcfa4e044,20603530-3d3b-e780-7ab5-79a6932bfafc,140,Influenza  seasonal  injectable  preservative free,136.00
2024-05-13T20:58:47Z,e84c9797-ab44-a413-f896-a9ffcfa4e044,083fb8e1-a7ff-a5df-cd7c-128695b675a7,140,Influenza  seasonal  injectable  preservative free,136.00
2023-12-02T02:11:20Z,e64b9e88-ad81-f797-ee6d-30757088d685,10674524-0694-1685-0ff5-3c18546d6a5c,140,Influenza  seasonal  injectable  preservative free,136.00
2024-06-22T02:11:20Z,e64b9e88-ad81-f797-ee6d-30757088d685,a802525a-cd45-98d4-b786-d33b4b17469a,140,Influenza  seasonal  injectable  preservative free,136.00
2023-12-17T18:28:16Z,32009df0-c13d-42d0-730e-9947f00d8dc8,e14ec592-5f94-6c4d-97f7-25346cbf6b23,140,Influenza  seasonal  injectable  preservative free,136.00
2023-12-17T18:28:16Z,32009df0-c13d-42d0-730e-9947f00d8dc8,e14ec592-5f94-6c4d-97f7-25346cbf6b23,113,Td (adult)  5 Lf tetanus toxoid  preservative free  adsorbed,136.00
2023-12-17T18:28:16Z,32009df0-c13d-42d0-730e-9947f00d8dc8,e14ec592-5f94-6c4d-97f7-25346cbf6b23,43,Hep B  adult,136.00
2023-12-17T18:28:16Z,32009df0-c13d-42d0-730e-9947f00d8dc8,e14ec592-5f94-6c4d-97f7-25346cbf6b23,114,meningococcal MCV4P,136.00
2024-06-11T20:40:35Z,2ed78a4a-916f-016f-39f8-e426de5abd0f,ea09b100-10db-5cac-2cc9-f57e9cf92db4,140,Influenza  seasonal  injectable  preservative free,136.00
2025-01-07T20:40:35Z,2ed78a4a-916f-016f-39f8-e426de5abd0f,9b53b4a2-9a02-f155-728c-2548e8199b7c,140,Influenza  seasonal  injectable  preservative free,136.00
2024-02-13T10:55:54Z,9861b5bd-46f6-ecf5-c3aa-05e66e43b3ec,1f8eb4a6-b3ac-e4cf-75a8-608561acfe0d,140,Influenza  seasonal  injectable  preservative free,136.00
2024-02-13T10:55:54Z,9861b5bd-46f6-ecf5-c3aa-05e66e43b3ec,1f8eb4a6-b3ac-e4cf-75a8-608561acfe0d,113,Td (adult)  5 Lf tetanus toxoid  preservative free  adsorbed,136.00
2024-02-13T10:55:54Z,9861b5bd-46f6-ecf5-c3aa-05e66e43b3ec,1f8eb4a6-b3ac-e4cf-75a8-608561acfe0d,43,Hep B  adult,136.00
2024-02-13T10:55:54Z,9861b5bd-46f6-ecf5-c3aa-05e66e43b3ec,1f8eb4a6-b3ac-e4cf-75a8-608561acfe0d,114,meningococcal MCV4P,136.00
2023-10-05T06:49:59Z,41e6057d-3044-cfed-d650-f237d8b5d17d,c018d3c7-89c0-2b09-c8be-481d8dca3452,140,Influenza  seasonal  injectable  preservative free,136.00
2023-10-05T06:49:59Z,41e6057d-3044-cfed-d650-f237d8b5d17d,c018d3c7-89c0-2b09-c8be-481d8dca3452,52,Hep A  adult,136.00
2023-07-16T12:07:15Z,0e5c025c-77f8-ce41-bb53-d5027f34510f,09a25cf1-a11e-5917-9fae-7793b065532a,140,Influenza  seasonal  injectable  preservative free,136.00
2024-07-21T12:07:15Z,0e5c025c-77f8-ce41-bb53-d5027f34510f,92ba5863-c9d8-9d2f-6637-4b113ea9060d,140,Influenza  seasonal  injectable  preservative free,136.00
2025-02-10T15:43:06Z,8c84fcf6-6c5b-36e8-7ade-25a3786ea059,2fbfc286-5e64-574c-1bde-f0ced03487fa,140,Influenza  seasonal  injectable  preservative free,136.00
2025-02-10T15:43:06Z,8c84fcf6-6c5b-36e8-7ade-25a3786ea059,2fbfc286-5e64-574c-1bde-f0ced03487fa,113,Td (adult)  5 Lf tetanus toxoid  preservative free  adsorbed,136.00
2025-02-10T15:43:06Z,8c84fcf6-6c5b-36e8-7ade-25a3786ea059,2fbfc286-5e64-574c-1bde-f0ced03487fa,52,Hep A  adult,136.00
2024-01-03T08:09:36Z,6b19f3d0-148f-481f-6d54-7dcce1981a67,d23d1dad-cd66-c1a9-fe3a-08a217345766,140,Influenza  seasonal  injectable  preservative free,136.00
2025-01-08T08:09:36Z,6b19f3d0-148f-481f-6d54-7dcce1981a67,b0da65d2-96bb-9af9-309c-be5f22994668,140,Influenza  seasonal  injectable  preservative free,136.00
2021-02-23T11:28:11Z,4ee1b787-29bd-9db5-41d7-8d5ffd280da4,da60b497-7cfb-ab26-69a2-8b72938f963e,208,SARS-COV-2 (COVID-19) vaccine  mRNA  spike protein  LNP  preservative free  30 mcg/0.3mL dose,136.00
2021-05-25T11:28:11Z,4ee1b787-29bd-9db5-41d7-8d5ffd280da4,0c2c6075-bfcf-d113-b297-10dc9aa4b3de,140,Influenza  seasonal  injectable  preservative free,136.00
2022-05-31T11:28:11Z,4ee1b787-29bd-9db5-41d7-8d5ffd280da4,2e59646b-fc29-f8e4-df40-8df1493a7ca8,140,Influenza  seasonal  injectable  preservative free,136.00
2023-12-21T16:03:12Z,50c38405-ec66-8c38-5511-cb45030599bd,db01fefe-9225-50d1-cd6f-4be7a08107e9,140,Influenza  seasonal  injectable  preservative free,136.00
2023-12-21T16:03:12Z,50c38405-ec66-8c38-5511-cb45030599bd,db01fefe-9225-50d1-cd6f-4be7a08107e9,113,Td (adult)  5 Lf tetanus toxoid  preservative free  adsorbed,136.00
2023-12-21T16:03:12Z,50c38405-ec66-8c38-5511-cb45030599bd,db01fefe-9225-50d1-cd6f-4be7a08107e9,43,Hep B  adult,136.00
2023-12-21T16:03:12Z,50c38405-ec66-8c38-5511-cb45030599bd,db01fefe-9225-50d1-cd6f-4be7a08107e9,114,meningococcal MCV4P,136.00
2024-04-23T01:07:51Z,7d8b508f-30d1-0038-cb97-c0929e59a699,3c584ac2-ad87-c144-3cf8-766092be6d69,140,Influenza  seasonal  injectable  preservative free,136.00
2025-04-29T01:07:51Z,7d8b508f-30d1-0038-cb97-c0929e59a699,80a67f8e-a22b-cc54-f31a-5e8eae03f4e8,140,Influenza  seasonal  injectable  preservative free,136.00
2025-04-29T01:07:51Z,7d8b508f-30d1-0038-cb97-c0929e59a699,80a67f8e-a22b-cc54-f31a-5e8eae03f4e8,114,meningococcal MCV4P,136.00
2024-06-03T08:43:08Z,3de16bed-e01b-d556-cfc6-12d63412f091,a31e68da-858c-50b6-0b4a-bfadcecef7f0,140,Influenza  seasonal  injectable  preservative free,136.00
2024-06-03T08:43:08Z,3de16bed-e01b-d556-cfc6-12d63412f091,a31e68da-858c-50b6-0b4a-bfadcecef7f0,62,HPV  quadrivalent,136.00
2024-06-24T08:43:08Z,3de16bed-e01b-d556-cfc6-12d63412f091,92378e6b-6c00-53c3-a4df-e7758775f875,208,SARS-COV-2 (COVID-19) vaccine  mRNA  spike protein  LNP  preservative free  30 mcg/0.3mL dose,136.00
2024-07-15T08:43:08Z,3de16bed-e01b-d556-cfc6-12d63412f091,83a031f4-1f2f-fe1c-7b06-9226645a3761,208,SARS-COV-2 (COVID-19) vaccine  mRNA  spike protein  LNP  preservative free  30 mcg/0.3mL dose,136.00
2023-12-03T11:43:11Z,cc531ab5-896d-02d2-1c25-638aa09cd4cf,b5ee2b02-88f2-89a6-f562-c9922b96ee26,140,Influenza  seasonal  injectable  preservative free,136.00
2025-03-23T11:43:11Z,cc531ab5-896d-02d2-1c25-638aa09cd4cf,f3b457db-b36d-68d1-6344-9f96d18c1cb4,140,Influenza  seasonal  injectable  preservative free,136.00
2024-04-21T20:35:49Z,a6522df0-b5c7-fad0-2a00-c0e8a59989ce,f74163c9-980c-1b3d-8aab-50301d4fc759,140,Influenza  seasonal  injectable  preservative free,136.00
2024-04-21T20:35:49Z,a6522df0-b5c7-fad0-2a00-c0e8a59989ce,f74163c9-980c-1b3d-8aab-50301d4fc759,114,meningococcal MCV4P,136.00
2024-04-26T21:43:13Z,44ad2706-ba08-c027-d788-f4b6bc8a47e8,0328b955-2d6d-8786-1bb4-0804cb87ae86,140,Influenza  seasonal  injectable  preservative free,136.00
2025-04-27T20:35:49Z,a6522df0-b5c7-fad0-2a00-c0e8a59989ce,ea9222ac-53ba-2060-fb98-60eab801d8e0,140,Influenza  seasonal  injectable  preservative free,136.00
2025-05-02T21:43:13Z,44ad2706-ba08-c027-d788-f4b6bc8a47e8,d19c4b67-a0cc-d84f-af53-7b21e673c577,140,Influenza  seasonal  injectable  preservative free,136.00
2016-05-31T02:44:02Z,fcb8fda2-a147-f0d0-be7f-7f4d70c03787,28db10a8-a3d4-f675-d984-fb547338e1a8,140,Influenza  seasonal  injectable  preservative free,136.00
2017-06-06T02:44:02Z,fcb8fda2-a147-f0d0-be7f-7f4d70c03787,c56b4efd-afd8-a3b5-b962-32e389cc096f,140,Influenza  seasonal  injectable  preservative free,136.00
2017-06-06T02:44:02Z,fcb8fda2-a147-f0d0-be7f-7f4d70c03787,c56b4efd-afd8-a3b5-b962-32e389cc096f,113,Td (adult)  5 Lf tetanus toxoid  preservative free  adsorbed,136.00
2024-04-16T01:39:12Z,a5954588-6f27-1832-b7d5-6ccb7560c55f,58cfd82a-c785-e156-92cb-b70d8ddc67b2,140,Influenza  seasonal  injectable  preservative free,136.00
2025-04-22T01:39:12Z,a5954588-6f27-1832-b7d5-6ccb7560c55f,7f27d4db-bd89-6b06-2752-0495b86c36d4,140,Influenza  seasonal  injectable  preservative free,136.00
2025-04-22T01:39:12Z,a5954588-6f27-1832-b7d5-6ccb7560c55f,7f27d4db-bd89-6b06-2752-0495b86c36d4,114,meningococcal MCV4P,136.00
2023-09-13T18:34:00Z,265f4f95-652a-261a-e135-6c0b9a3e7a02,cc80053c-87f2-6983-5cb0-ed82670bd24d,140,Influenza  seasonal  injectable  preservative free,136.00
2024-04-28T15:40:22Z,b24b5387-b536-d16b-6887-1a84d49e7b7c,697dd209-d0e8-297e-768c-ff9c2dd84ed6,140,Influenza  seasonal  injectable  preservative free,136.00
2025-05-04T15:40:22Z,b24b5387-b536-d16b-6887-1a84d49e7b7c,98ab4c02-ab9c-84b5-6863-499e701480df,140,Influenza  seasonal  injectable  preservative free,136.00
2025-05-04T15:40:22Z,b24b5387-b536-d16b-6887-1a84d49e7b7c,98ab4c02-ab9c-84b5-6863-499e701480df,113,Td (adult)  5 Lf tetanus toxoid  preservative free  adsorbed,136.00
2024-06-05T18:34:00Z,265f4f95-652a-261a-e135-6c0b9a3e7a02,77fd0863-3f74-aeb5-776b-47b640c2dbdf,140,Influenza  seasonal  injectable  preservative free,136.00
2024-12-19T23:34:40Z,cdfc4483-f427-1428-fe84-cf3be5756f1f,4239ff6e-5626-cb5c-3c60-5c96c8e0b326,140,Influenza  seasonal  injectable  preservative free,136.00
2024-12-19T23:34:40Z,cdfc4483-f427-1428-fe84-cf3be5756f1f,4239ff6e-5626-cb5c-3c60-5c96c8e0b326,113,Td (adult)  5 Lf tetanus toxoid  preservative free  adsorbed,136.00
2024-12-19T23:34:40Z,cdfc4483-f427-1428-fe84-cf3be5756f1f,4239ff6e-5626-cb5c-3c60-5c96c8e0b326,43,Hep B  adult,136.00
2024-12-19T23:34:40Z,cdfc4483-f427-1428-fe84-cf3be5756f1f,4239ff6e-5626-cb5c-3c60-5c96c8e0b326,114,meningococcal MCV4P,136.00
2020-12-31T06:01:05Z,060f8cbf-a90f-4096-793b-a11e40a3cbd8,d84f5af9-1812-097b-0d93-f5484d0aa711,33,pneumococcal polysaccharide vaccine  23 valent,136.00
2021-03-14T05:29:35Z,060f8cbf-a90f-4096-793b-a11e40a3cbd8,a6f6eeaf-37ea-e6de-c424-1be5bd1929e8,140,Influenza  seasonal  injectable  preservative free,136.00
2024-02-29T09:46:16Z,521112df-f180-a758-5a73-5371bc1f86c5,48280b9d-8e35-a93f-d6fe-e88dd74f6bea,140,Influenza  seasonal  injectable  preservative free,136.00
2021-05-09T05:29:35Z,060f8cbf-a90f-4096-793b-a11e40a3cbd8,4f86c09d-ef94-07b7-cbfd-338d9ff2dfb4,208,SARS-COV-2 (COVID-19) vaccine  mRNA  spike protein  LNP  preservative free  30 mcg/0.3mL dose,136.00
2021-05-30T05:29:35Z,060f8cbf-a90f-4096-793b-a11e40a3cbd8,45e88f2f-79e2-0f07-bb11-a3b8df216c7d,208,SARS-COV-2 (COVID-19) vaccine  mRNA  spike protein  LNP  preservative free  30 mcg/0.3mL dose,136.00
2025-03-06T09:46:16Z,521112df-f180-a758-5a73-5371bc1f86c5,a4d92a81-c0fd-f9d6-5683-3008dfeb36d3,140,Influenza  seasonal  injectable  preservative free,136.00
2022-03-20T05:29:35Z,060f8cbf-a90f-4096-793b-a11e40a3cbd8,597cc89a-21fb-77ce-c328-d2a11e67cda8,140,Influenza  seasonal  injectable  preservative free,136.00
2024-04-23T11:28:11Z,c877b107-a78d-037a-c894-b4768443314c,c0b26427-4756-b9d5-1cb4-3fc23f603ef3,140,Influenza  seasonal  injectable  preservative free,136.00
2025-04-29T11:28:11Z,c877b107-a78d-037a-c894-b4768443314c,64f4369b-ac61-9e67-d548-1ab22da4b8e1,121,zoster vaccine  live,136.00
2025-04-29T11:28:11Z,c877b107-a78d-037a-c894-b4768443314c,64f4369b-ac61-9e67-d548-1ab22da4b8e1,140,Influenza  seasonal  injectable  preservative free,136.00
2024-01-30T02:44:02Z,670ed32d-9d4b-3c5d-413c-9909b7251bbc,2059f6cf-9aa2-1b52-668b-6160e26fe42a,140,Influenza  seasonal  injectable  preservative free,136.00
2025-02-04T02:44:02Z,670ed32d-9d4b-3c5d-413c-9909b7251bbc,56c1f046-033b-2093-4743-e26587fc544d,140,Influenza  seasonal  injectable  preservative free,136.00
2024-02-24T04:49:16Z,8e479203-4702-ece1-e7a3-53dbf797f75d,bdeb5246-0335-f8b2-632d-6c39df81a6f0,140,Influenza  seasonal  injectable  preservative free,136.00
2023-06-26T00:14:33Z,c9146e20-5dfe-2efe-6261-ac664864645b,84fa9cc2-b882-0b0b-2545-76b9cc3be196,140,Influenza  seasonal  injectable  preservative free,136.00
2024-07-01T00:14:33Z,c9146e20-5dfe-2efe-6261-ac664864645b,fa5c472d-7b27-8e19-6f5a-798212199338,140,Influenza  seasonal  injectable  preservative free,136.00
2023-09-20T06:21:34Z,455f45bd-d0f7-2464-b1d3-91540cf94a2b,6b30268d-eb69-339f-c3f8-c529e7ec8fad,121,zoster vaccine  live,136.00
2023-09-20T06:21:34Z,455f45bd-d0f7-2464-b1d3-91540cf94a2b,6b30268d-eb69-339f-c3f8-c529e7ec8fad,140,Influenza  seasonal  injectable  preservative free,136.00
2023-09-20T06:21:34Z,455f45bd-d0f7-2464-b1d3-91540cf94a2b,6b30268d-eb69-339f-c3f8-c529e7ec8fad,113,Td (adult)  5 Lf tetanus toxoid  preservative free  adsorbed,136.00
2024-09-25T06:21:34Z,455f45bd-d0f7-2464-b1d3-91540cf94a2b,7170657c-6c3d-6324-4da1-66f9922796b6,140,Influenza  seasonal  injectable  preservative free,136.00
2023-10-31T19:40:11Z,d7149624-0c45-9dea-d5df-275a4da80714,744aba4e-01ca-b033-850e-b1590e1a4d2d,140,Influenza  seasonal  injectable  preservative free,136.00
2024-05-04T16:15:49Z,951e4d04-eca9-39c7-3692-64860fb9c7c9,358372ec-2172-2bc9-373c-94eb345a5628,140,Influenza  seasonal  injectable  preservative free,136.00
2024-11-05T19:40:11Z,d7149624-0c45-9dea-d5df-275a4da80714,6a76928b-05ae-06f8-352e-b3ec341cae0c,140,Influenza  seasonal  injectable  preservative free,136.00
2025-05-10T16:15:49Z,951e4d04-eca9-39c7-3692-64860fb9c7c9,483a7795-7bad-f883-25d0-fe9d008d8f9d,140,Influenza  seasonal  injectable  preservative free,136.00
2009-06-23T06:29:17Z,5f826a71-4e86-3df4-1eec-7dd1efccf1c2,0802423b-9b4a-fdc1-6b7a-6989ea33da53,140,Influenza  seasonal  injectable  preservative free,136.00
2009-06-23T06:29:17Z,5f826a71-4e86-3df4-1eec-7dd1efccf1c2,0802423b-9b4a-fdc1-6b7a-6989ea33da53,113,Td (adult)  5 Lf tetanus toxoid  preservative free  adsorbed,136.00
2009-06-23T06:29:17Z,5f826a71-4e86-3df4-1eec-7dd1efccf1c2,0802423b-9b4a-fdc1-6b7a-6989ea33da53,52,Hep A  adult,136.00
2009-06-30T06:29:17Z,5f826a71-4e86-3df4-1eec-7dd1efccf1c2,db755f8a-211a-c8fa-f2bc-55cb5d7548da,140,Influenza  seasonal  injectable  preservative free,136.00
2023-10-24T16:36:03Z,e6373e7f-5ad1-f56e-62f1-28c6fa33d477,ab0c4a7e-b29f-24d2-7c3a-abebad4d4722,140,Influenza  seasonal  injectable  preservative free,136.00
2009-07-07T06:29:17Z,5f826a71-4e86-3df4-1eec-7dd1efccf1c2,13c1c4fd-b3d1-3d0c-f425-25b1e54daa1e,140,Influenza  seasonal  injectable  preservative free,136.00
2024-10-29T16:36:03Z,e6373e7f-5ad1-f56e-62f1-28c6fa33d477,6387617a-9c53-1ec5-3527-ff8d152187b7,140,Influenza  seasonal  injectable  preservative free,136.00
2024-09-15T05:29:35Z,7f97c463-e594-42a6-d856-1baa102aecab,f8a8b308-a2e1-19db-d87d-0ed9c94243e6,140,Influenza  seasonal  injectable  preservative free,136.00
2024-04-19T14:55:01Z,07c3242f-44ff-30d8-68fc-faf02ecee06a,1573e711-32ad-9d54-3fb8-40d43fb919c8,140,Influenza  seasonal  injectable  preservative free,136.00
2025-04-25T14:55:01Z,07c3242f-44ff-30d8-68fc-faf02ecee06a,de0c329c-3594-14db-da42-1a252b5ad3f2,140,Influenza  seasonal  injectable  preservative free,136.00
2023-08-28T09:52:31Z,64d3d6c8-74e1-65c6-f9d2-87b5c30da892,9b119e3a-c1e3-7f6c-8359-f997328662e0,140,Influenza  seasonal  injectable  preservative free,136.00
2024-09-02T09:52:31Z,64d3d6c8-74e1-65c6-f9d2-87b5c30da892,ce8a7e14-223b-fc90-acc0-60e529ad1977,140,Influenza  seasonal  injectable  preservative free,136.00
2024-09-02T09:52:31Z,64d3d6c8-74e1-65c6-f9d2-87b5c30da892,ce8a7e14-223b-fc90-acc0-60e529ad1977,113,Td (adult)  5 Lf tetanus toxoid  preservative free  adsorbed,136.00
2023-08-01T06:29:17Z,228780df-c048-6273-8147-8bcaf54f15bf,70c8f9be-1950-36c7-632e-65e642fb8324,140,Influenza  seasonal  injectable  preservative free,136.00
2024-08-06T06:29:17Z,228780df-c048-6273-8147-8bcaf54f15bf,b5b0a6fb-13b1-d693-3e4a-fd64f13229c7,140,Influenza  seasonal  injectable  preservative free,136.00
