Id,BIRTHDATE,DEATHDATE,SSN,DRIVERS,PASSPORT,PREFIX,FIRST,LAST,SUFFIX,MAIDEN,MARITAL,RACE,ETHNICITY,GENDER,BIRTHPLACE,ADDRESS,CITY,STATE,COUNTY,FIPS,ZIP,LAT,LON,HEALTHCARE_EXPENSES,HEALTHCARE_COVERAGE,INCOME
e33b47ff-e301-26de-2545-9f087fd38679,2018-05-17,,999-79-3104,,,,Versie644,O'Connell601,,,,white,nonhispanic,F,Brookline  Massachusetts  US,550 Gaylord Ranch,Reading,Massachusetts,Middlesex County,25017,01801,42.48664642531254,-71.13180539711735,13794.74,0.00,111242
f4121a48-475c-0de0-c89d-85b7e37f485c,2021-07-27,,999-81-4856,,,,Kirby843,Cole117,,,,white,nonhispanic,M,Paris  Ile-de-France  FR,281 Schulist Bridge,Lynnfield,Massachusetts,Essex County,25009,01940,42.52352948167491,-71.02398490555146,6733.52,0.00,65456
cb7d07de-0190-39fe-aa00-a3e5285399f4,2004-03-29,,999-23-3627,S99989022,X10764279X,Ms.,Jeannette562,MacGyver246,,,,white,nonhispanic,F,Lexington  Massachusetts  US,596 Hermiston Bridge Suite 34,Saugus,Massachusetts,Essex County,25009,01906,42.433336474142436,-71.0490142142401,73588.78,130030.40,114427
0d9cd8c7-2834-2270-fdb5-89cc91961fbe,1993-04-28,,999-46-7913,S99914660,X38855139X,Mr.,Christoper325,Ernser583,JD,,M,white,hispanic,M,Westfield  Massachusetts  US,838 Hartmann Street,Longmeadow,Massachusetts,Hampden County,25013,01106,42.052200314997464,-72.57721922183805,176059.40,3613.48,76855
928bf3ee-fd79-c664-fb75-f372fb2bb1c3,1991-01-31,,999-70-4941,S99963822,X64669156X,Mr.,Tim88,Waelchi213,,,M,black,nonhispanic,M,Cochituate  Massachusetts  US,955 Reichert Brook Suite 98,Groveland,Massachusetts,Essex County,,00000,42.7135986974827,-71.00886626977433,54180.76,6216.31,802862
0a2c6aab-739a-a71d-bb5b-c3e86e1483b3,1975-03-21,,999-78-8566,S99990508,X16339816X,Mr.,Clinton763,Borer986,,,M,white,nonhispanic,M,Boston  Massachusetts  US,642 Hahn Green Apt 53,Fall River,Massachusetts,Bristol County,25005,02720,41.68934261251135,-71.13946386699656,54370.00,13601.99,29959
d225d14d-5afe-32fc-9d9d-a4c5a39cf58e,1972-03-09,,999-87-7239,S99970911,X32988688X,Mrs.,Helaine42,Crist667,,Kuhn96,D,white,nonhispanic,F,Marion Center  Massachusetts  US,793 Toy Ranch,Webster,Massachusetts,Worcester County,25027,01570,42.04108521341002,-71.85779161202645,154469.65,2046500.44,939391
8933bcce-7d5c-86e5-fb14-2339146314de,1956-01-17,,999-75-8005,S99968695,X76318719X,Mrs.,Marquita692,Feeney44,,Spinka232,W,black,nonhispanic,F,Brookline  Massachusetts  US,987 Jakubowski Wall,Boston,Massachusetts,Suffolk County,25025,02151,42.36120237863304,-71.14047100770567,790528.28,226636.80,37457
f6391b6e-b9a3-253e-6bf8-fb2888c7c5a8,2018-03-25,,999-25-4913,,,,Oswaldo857,Kemmer137,,,,white,nonhispanic,M,Littleton  Massachusetts  US,754 Wunsch Flat,Malden,Massachusetts,Middlesex County,25017,02148,42.464730419590126,-71.0213586844244,13002.34,0.00,42251
20386612-39ff-237b-8616-385d5888db81,2002-09-20,,999-16-3350,S99970573,X88209393X,Mr.,Arron144,O'Connell601,,,,white,nonhispanic,M,Hull  Massachusetts  US,484 Dickens Divide,Brockton,Massachusetts,Plymouth County,25023,02351,42.054549061640984,-70.96348790817045,29406.50,7251.21,84108
71ca92c1-b5ac-7845-1be6-287dc991577c,2000-05-07,,999-84-6671,S99945717,X73499738X,Ms.,Larraine124,Wolf938,,,,white,nonhispanic,F,Framingham  Massachusetts  US,138 O'Hara Mill Apt 91,Boston,Massachusetts,Suffolk County,25025,02124,42.37525835354297,-71.10043068333115,45332.45,2932.03,49593
3158818b-e34d-72dd-0a16-09c8d1738237,1997-03-24,,999-71-1562,S99941622,X43495429X,Ms.,Nisha529,Fadel536,,,S,white,nonhispanic,F,Cambridge  Massachusetts  US,496 Effertz Terrace,Belchertown,Massachusetts,Hampshire County,25015,01007,42.25237782384939,-72.35669722457332,9207.28,324430.60,9991
61c64975-a2f7-befc-26cf-efb47ca83daa,2014-03-01,,999-94-9519,,,,Elsy53,Romaguera67,,,,white,nonhispanic,F,North Brookfield  Massachusetts  US,407 Rau Ranch,Brockton,Massachusetts,Plymouth County,25023,02301,42.074472058266636,-70.94875327676674,18398.55,18959.39,70537
cb7d639c-cb95-6143-4227-c8bdb2ff7832,1970-04-14,,999-96-2478,S99972750,X81415224X,Mr.,Walton167,Smith67,,,S,white,nonhispanic,M,Milton  Massachusetts  US,169 Swaniawski Fork,Spencer,Massachusetts,Worcester County,25027,01562,42.27970084463437,-71.98187482870408,133072.44,809224.21,27582
e174aebd-f34e-da65-68da-44215f60e15d,1971-04-01,,999-40-2935,S99941324,X7770626X,Mr.,Jarrod316,Schmidt332,,,S,white,nonhispanic,M,Easthampton  Massachusetts  US,535 Rath Heights,Cambridge,Massachusetts,Middlesex County,25017,02139,42.37929192619004,-71.08404130395348,93819.37,36411.32,34959
4d22a32b-095c-d833-e1a8-fdf3b667e7cb,2021-05-10,,999-86-4037,,,,Dawna21,Botsford977,,,,white,nonhispanic,F,Springfield  Massachusetts  US,418 Cormier Lock,Townsend,Massachusetts,Middlesex County,25017,01469,42.66227787210976,-71.67801612967142,7971.53,8486.73,144479
e4fc9097-f704-fca0-fb7b-6e6f716c06dd,1960-02-11,2008-01-05,999-17-8856,S99942313,X52181562X,Mr.,Carmelo33,Cronin387,,,M,black,nonhispanic,M,Cambridge  Massachusetts  US,792 King Extension,Taunton,Massachusetts,Bristol County,25005,02767,41.962279141105654,-71.065654747264,158956.83,1300084.92,25775
501c2f59-4465-ae23-d53a-7b37ccad8d1d,1964-01-02,,999-65-4039,S99923950,X42429775X,Mrs.,Angela104,Stroman228,,Leuschke194,M,white,nonhispanic,F,Brockton  Massachusetts  US,824 Schneider Avenue Suite 30,Hampden,Massachusetts,Hampden County,,00000,42.079060665402125,-72.40283890920377,957565.11,416884.05,98748
bb8fd290-8580-5a13-d943-bbcee1b50686,1977-09-17,,999-93-3836,S99944108,X51020397X,Mrs.,Lidia103,Cummerata161,,Feest103,M,white,nonhispanic,F,North Attleborough  Massachusetts  US,147 Kemmer Mill,Nantucket,Massachusetts,Nantucket County,25019,02554,41.29821753887511,-70.1360693808894,290282.83,1558548.36,121431
2564f91f-4a75-154c-95b0-6ac802f7dc64,2002-06-07,,999-78-8007,S99921486,X15898962X,Ms.,Oralee226,Denesik803,,,,asian,nonhispanic,F,Medfield  Massachusetts  US,995 Pfannerstill Orchard Unit 6,Boston,Massachusetts,Suffolk County,25025,02151,42.324268316585034,-71.03527877608596,73357.12,119679.18,189
5a21faff-17ab-819f-e931-fbd8d101541d,1948-11-23,,999-86-4189,S99965451,X32954444X,Mrs.,Babara869,Hackett68,,Stehr398,M,white,nonhispanic,F,Barnstable  Massachusetts  US,723 Carroll Track Suite 68,Barnstable,Massachusetts,Barnstable County,25001,02630,41.62859874956276,-70.45140560735516,35316.38,1170358.36,20915
6c57731a-38a5-c620-e88f-add2e2f00ca2,1971-10-08,2022-08-29,999-18-7038,S99957389,X58546215X,Mr.,Darron84,Pouros728,,,M,white,nonhispanic,M,Sao Paulo  Sao Paulo  BR,993 Hane Approach Apt 61,Framingham,Massachusetts,Middlesex County,25017,01701,42.27976748330136,-71.4146524711987,25919.89,4080551.60,22202
37a53aa4-8755-8332-8207-ecc6a6a54b31,1989-01-02,,999-51-1112,S99988954,X89110780X,Mr.,Julian715,West559,,,S,white,nonhispanic,M,Taunton  Massachusetts  US,680 Hand Fort Apt 94,Worcester,Massachusetts,Worcester County,25027,01607,42.20100553840861,-71.82067333406289,5658.02,38127.88,19849
bb204471-a759-2d20-a41e-6dbb6d4ecc6e,1996-12-16,,999-21-3657,S99910998,X14057775X,Mrs.,Voncile324,Botsford977,,Kunze215,M,asian,nonhispanic,F,Winthrop  Massachusetts  US,752 Grady Orchard,Hudson,Massachusetts,Middlesex County,25017,01749,42.3541644724682,-71.59223690042064,98827.31,954818.96,698205
c1bc33cc-d343-f5d2-76d9-21300687a96c,1977-07-10,,999-17-4378,S99955678,X59147189X,Mr.,Dane516,Braun514,,,M,white,nonhispanic,M,Braintree  Massachusetts  US,562 Nitzsche Wall,Teaticket,Massachusetts,Barnstable County,25001,02536,41.54710667283918,-70.60333445831739,6989.48,57185.05,22238
0b2b64a5-e920-332e-0a14-e6e6fcb5d0ca,1977-09-12,,999-69-6935,S99925801,X23260424X,Mrs.,Sherika987,Tremblay80,,Kreiger457,M,white,nonhispanic,F,Shrewsbury  Massachusetts  US,980 Batz Viaduct Apt 22,Princeton,Massachusetts,Worcester County,,00000,42.420632841366356,-71.83532950468047,560624.54,808061.86,108469
7dfd0898-8eab-ebcc-e9f9-24d3cb044ba0,1960-02-11,,999-35-3527,S99990274,X37229953X,Mr.,Neil122,Hackett68,,,W,black,nonhispanic,M,Norfolk  Massachusetts  US,328 Bogisich Orchard,Taunton,Massachusetts,Bristol County,25005,02780,41.8913624954429,-71.14036719887467,90934.14,95241.30,25775
bb1dcba1-fe7a-7133-c745-c941cf9a43bb,1983-02-01,,999-29-3822,S99926011,X72910653X,Mrs.,Ariane992,Brakus656,,Kunde533,M,white,nonhispanic,F,Worcester  Massachusetts  US,1079 Dietrich Common,Westwood,Massachusetts,Norfolk County,,00000,42.18421222415256,-71.2589611441779,288142.83,1191914.52,174872
22dd6cde-f765-1627-d0da-6ce7f83d15b6,1923-08-16,2018-10-21,999-29-1181,S99948330,X86420251X,Ms.,Sheilah526,Barrows492,,,S,white,nonhispanic,F,Bedford  Massachusetts  US,495 Hane Meadow Apt 97,Southwick,Massachusetts,Hampden County,,00000,42.09101446918033,-72.76589039213917,373385.03,1013930.75,133722
fcbb8af2-d82d-a585-5296-23dfa49b3e96,2015-07-09,,999-72-3272,,,,Kiesha539,Kessler503,,,,white,nonhispanic,F,Weymouth  Massachusetts  US,653 Huel Mall Suite 2,Shrewsbury,Massachusetts,Worcester County,,00000,42.25424909204454,-71.76134680960894,13049.92,1895.33,137586
76e71e7a-00be-7f8c-2126-e8c5b32ec4ab,1961-02-07,2021-03-02,999-89-9038,S99990061,X89016380X,Ms.,Karma832,Stehr398,,,S,white,nonhispanic,F,Weymouth  Massachusetts  US,175 Emard Mews Unit 6,Weymouth,Massachusetts,Norfolk County,25021,02191,42.18204402338206,-70.90957599866822,729489.51,396666.71,50726
b5cd2b6d-379b-0891-a65e-2e6a4adbf959,2017-04-04,,999-41-8102,,,,Bruno518,Towne435,,,,white,nonhispanic,M,Holbrook  Massachusetts  US,650 Boehm Parade,Taunton,Massachusetts,Bristol County,25005,02780,41.93819504807704,-71.10664333800317,1312.35,30225.33,19279
81d285ac-abeb-530c-1e55-08f4498b7fc1,1971-10-08,,999-50-6496,S99979761,X4259217X,Mr.,Aaron697,Hane680,,,M,white,nonhispanic,M,Faro  Algarve  PT,629 Upton Corner Unit 46,Framingham,Massachusetts,Middlesex County,25017,01701,42.349108498704666,-71.48678356545501,7150.00,88645.75,22202
c1f7fa66-3bf6-a864-00d1-15808e400e0f,1993-07-20,,999-80-2688,S99921054,X83519137X,Mrs.,Anita473,Guardado953,,Treviño536,M,white,hispanic,F,Tegucigalpa  Francisco Morazán  HN,528 Willms Stravenue Unit 43,Northbridge,Massachusetts,Worcester County,,00000,42.1054037408462,-71.67204827558021,100644.45,384978.07,48211
25605c52-7c3d-1eda-14dd-e3e8ab7f19c6,1974-11-24,,999-75-4286,S99950224,X49590415X,Mrs.,Chantal971,Cormier289,,Wiza601,D,white,nonhispanic,F,Bellingham  Massachusetts  US,549 Von Passage Unit 22,Salem,Massachusetts,Essex County,25009,01907,42.46846520466975,-70.86851864704116,541370.31,447619.91,39966
fe92d8b6-def2-1efa-d9a9-734c5bf36495,1953-03-31,2024-10-08,999-55-7893,S99976588,X72840705X,Mrs.,Kimbery217,McDermott739,,Cruickshank494,W,white,nonhispanic,F,Mansfield Center  Massachusetts  US,1038 Dibbert Extension Apt 56,Plymouth,Massachusetts,Plymouth County,25023,02360,41.85187775221717,-70.6667602560712,24313.53,1916514.04,17323
46792287-7448-3ba2-86d9-60dcb895d0f7,2000-01-28,,999-23-6651,S99952979,X82436029X,Mr.,Wiley422,Rogahn59,,,,white,nonhispanic,M,Charlton  Massachusetts  US,352 Waters Haven Suite 33,Sudbury,Massachusetts,Middlesex County,,00000,42.40228250387182,-71.37278362151197,72426.34,260353.80,371648
16802cd8-7114-aec9-b0d1-c2ad9f6cddb9,1964-03-01,,999-10-5564,S99988291,X59441467X,Ms.,Justa309,Heller342,,,S,white,nonhispanic,F,Somerville  Massachusetts  US,107 Hane Approach,Shrewsbury,Massachusetts,Worcester County,,00000,42.24238212349854,-71.72175887691427,241895.52,471208.88,141657
5cf330bf-2f25-ebdf-c805-724235e8a534,1966-05-30,,999-75-7777,S99960339,X72687321X,Mr.,Nigel915,Hauck852,,,W,white,nonhispanic,M,Northampton  Massachusetts  US,830 Green Parade Apt 44,Barnstable,Massachusetts,Barnstable County,25001,02637,41.72669222105796,-70.30763083196996,138983.24,685082.72,126768
e32dc4a1-5309-8d09-8915-05ef29159617,1998-06-06,,999-35-5763,S99915709,X30736892X,Ms.,Angelyn934,Kilback373,,,,white,nonhispanic,F,Springfield  Massachusetts  US,575 Davis Common Apt 2,Wakefield,Massachusetts,Middlesex County,25009,01940,42.48925995743474,-71.07296623894858,101152.82,155973.83,81175
c43065f9-25da-ba36-e792-4c8cb6f519c9,1961-02-07,,999-53-5637,S99998464,X41054740X,Mrs.,Stephaine613,Keeling57,,Fritsch593,M,white,nonhispanic,F,Franklin  Massachusetts  US,698 Dicki Throughway,Weymouth,Massachusetts,Norfolk County,25021,02189,42.18839160796148,-70.94877744728502,665635.29,241934.25,50726
10d8a3fc-024f-ba1e-ac69-6eaff2b386ef,1953-10-22,,999-50-2337,S99913472,X20921624X,Mr.,Felipe97,Duarte203,,,S,white,hispanic,M,San Jose  San Jose  CR,328 Bruen Camp Unit 88,Hubbardston,Massachusetts,Worcester County,,00000,42.44201872601853,-72.0215914662169,189568.97,1219389.70,162765
11d21bd8-be75-250b-f0cc-ee26d3beaf74,1993-01-16,,999-85-6026,S99929978,X14583394X,Mr.,Yong583,Koepp521,MD,,S,white,nonhispanic,M,Needham  Massachusetts  US,366 Effertz Overpass Apt 36,Norwood,Massachusetts,Norfolk County,25021,02062,42.23822857307143,-71.23693000128796,28942.97,0.00,138591
596c3d09-6ac5-f431-2570-31a78e0fe880,1953-03-31,2025-03-24,999-77-4962,S99924345,X46069688X,Ms.,Dionna991,Stracke611,,,S,white,nonhispanic,F,Lawrence  Massachusetts  US,158 Hegmann Club Suite 18,Plymouth,Massachusetts,Plymouth County,25023,02360,41.86554127800998,-70.67126110420907,17558.50,1320579.68,17323
47ecacc5-d7fa-d717-68ef-47e0e5ce0bb8,1983-09-18,,999-31-3183,S99945677,X77171038X,Ms.,Natividad796,White193,,,S,white,nonhispanic,F,Newton  Massachusetts  US,339 Gusikowski Drive,Ayer,Massachusetts,Middlesex County,25027,01434,42.50334218702611,-71.59526249587093,246702.65,1072252.89,610584
f4bb2637-8130-5aa7-ceb4-cf5100549d0a,1953-08-15,,999-45-6517,S99970357,X74338482X,Mr.,Rafael239,Kerluke267,,,M,white,nonhispanic,M,Boston  Massachusetts  US,536 Corkery Throughway,Acton,Massachusetts,Middlesex County,,00000,42.506400150552786,-71.39919335066242,28870.80,1002770.02,119881
b244d132-2a9a-af69-04b1-ba26a1ec385f,1966-01-24,,999-27-9321,S99917881,X12542431X,Mr.,Forrest301,Kassulke119,,,M,white,hispanic,M,Lee  Massachusetts  US,252 Runte Plaza Apt 88,New Seabury,Massachusetts,Barnstable County,,00000,41.52506551108309,-70.52529322090018,22140.23,1104658.91,15668
90bb89d1-d976-b7c8-f2ba-12f2888524f0,1994-03-11,,999-45-7702,S99927062,X69270376X,Mr.,Waylon572,Wisoky380,,,M,white,nonhispanic,M,Danvers  Massachusetts  US,114 Kuhn Vista Unit 87,Framingham,Massachusetts,Middlesex County,25017,01702,42.26518959412991,-71.44523270802388,113263.27,508239.23,41789
fa9389ad-724b-123e-9f8c-7683dd788159,1923-08-16,,999-85-7417,S99925160,X8137083X,Mrs.,Carmelita854,Gulgowski816,,Turcotte120,M,white,nonhispanic,F,Waltham  Massachusetts  US,157 Ledner Route Unit 40,Southwick,Massachusetts,Hampden County,,00000,42.00313452104212,-72.76807375787892,215120.99,1628901.22,133722
abcce2fb-988c-a59d-670f-bc2b4b7335fc,1964-01-27,,999-72-8263,S99938691,X82401518X,Ms.,Jin479,Von197,,,S,black,hispanic,F,Lowell  Massachusetts  US,704 Frami Dale,Peabody,Massachusetts,Essex County,25009,01960,42.544391494720145,-71.00422248602213,402486.26,1630124.45,177034
55043a61-aa7c-015f-1ab9-a7b2b86be1e0,1978-04-12,,999-39-5022,S99916368,X86722971X,Mrs.,Carin553,Emard19,,Marquardt819,M,white,nonhispanic,F,Plymouth  Massachusetts  US,857 Aufderhar Dale,Ashland,Massachusetts,Middlesex County,,00000,42.23618521837824,-71.42788188273855,575724.78,878472.04,40984
0a5bc671-5b64-8f17-1069-47e541946b11,1984-07-04,,999-71-6076,S99966106,X42547028X,Mrs.,Jesica465,Cronin387,,Cole117,W,white,nonhispanic,F,Beverly  Massachusetts  US,725 Hirthe Green Apt 98,Hopkinton,Massachusetts,Middlesex County,25017,01748,42.19731590407158,-71.49231258759433,126750.65,598586.18,70576
01b14e05-f7ba-82c4-f007-1d7d3475bf92,2024-02-17,,999-98-4062,,,,Clinton763,Harber290,,,,white,nonhispanic,M,Worcester  Massachusetts  US,980 Hettinger Ramp Unit 90,Lowell,Massachusetts,Middlesex County,25017,01851,42.661273514635766,-71.33246017288599,200.00,5930.46,23421
c2b8d23b-1170-6ad7-0220-74a514d1c8a7,1953-03-31,,999-81-6828,S99960207,X88770216X,Ms.,Sabine292,Turcotte120,,,S,white,nonhispanic,F,Hudson  Massachusetts  US,902 Dach Run,Plymouth,Massachusetts,Plymouth County,25023,02360,41.861631090987586,-70.62857918889213,20764.08,2136172.22,17323
d9ee1b6e-7d6d-ae83-127c-2137e7a2d8ed,2001-07-19,,999-33-3471,S99953839,X10300821X,Mr.,Johnson679,Littel644,,,,white,nonhispanic,M,Revere  Massachusetts  US,412 Herman Orchard Suite 36,Westford,Massachusetts,Middlesex County,,00000,42.60391880909227,-71.44893435756467,44506.22,4618.85,281804
73f0d532-391c-4cea-83a6-9e2b4a9b1b5a,2001-01-04,,999-76-1390,S99943997,X38013876X,Mr.,Roger751,Walker122,,,,white,nonhispanic,M,Holyoke  Massachusetts  US,468 Torphy Trail Unit 23,Boston,Massachusetts,Suffolk County,25025,02131,42.28973246258769,-71.08889948829757,31194.18,0.00,36380
58f69b85-03fc-64cf-1917-cdbd69eec0fb,1977-01-25,,999-74-2998,S99979897,X67135668X,Mr.,Tomas436,Gleason633,,,M,white,nonhispanic,M,Seekonk  Massachusetts  US,388 Jenkins Spur,Dighton,Massachusetts,Bristol County,,00000,41.84189577259577,-71.1080459819249,56631.73,11385.57,312141
5b1bc15e-47c6-d41f-4dbe-f420f37d7b8f,1978-02-16,,999-98-7351,S99977931,X61856309X,Mrs.,Lily490,Borer986,,Legros616,W,black,nonhispanic,F,Plymouth  Massachusetts  US,880 Cartwright Key Apt 65,Agawam,Massachusetts,Hampden County,25013,01001,42.12198651905283,-72.72175104584495,198338.90,1403361.44,110718
c25511b1-1725-1b5c-a1a4-7820915013c7,1951-03-16,,999-43-3676,S99993889,X80585074X,Mr.,Fritz267,Mante251,,,D,black,nonhispanic,M,Boston  Massachusetts  US,440 Bednar Gate Unit 90,Boston,Massachusetts,Suffolk County,25025,02111,42.33307523174046,-71.0352111337248,11860.51,172269.10,11762
4ef99202-2452-40cb-7c33-6f77ee3fa6bc,1966-03-27,,999-65-2375,S99962809,X14396277X,Mr.,Napoleon578,Reichert620,,,M,white,nonhispanic,M,Hudson  Massachusetts  US,173 Goldner Rue,Fitchburg,Massachusetts,Worcester County,25027,01420,42.633901797556135,-71.78849779677519,8867.37,149013.35,23104
6826fc77-e3f9-72c7-3bf5-b5207e3bde15,2023-12-11,,999-55-8724,,,,Cinda869,Sporer811,,,,white,nonhispanic,F,Boston  Massachusetts  US,266 Tillman Haven Unit 54,Springfield,Massachusetts,Hampden County,25013,01105,42.149457722845035,-72.55957191262044,6940.36,0.00,53691
8ed059a0-ea3a-991e-0feb-ac48138dc4ab,1956-07-17,,999-63-6245,S99999135,X10584493X,Mr.,Marquis364,Bogan287,,,M,white,nonhispanic,M,Mansfield  Massachusetts  US,1093 Zboncak Promenade,Brockton,Massachusetts,Plymouth County,25023,02302,42.059063436639995,-70.96456944197288,24523.38,746006.73,9473
a7d5dc88-be26-d569-5da0-b7ab9356c937,2018-10-07,,999-14-4439,,,,Caren429,Carroll471,,,,white,nonhispanic,F,Swansea  Massachusetts  US,927 Kunze Glen,Stoughton,Massachusetts,Norfolk County,,00000,42.11048187710461,-71.09783493042458,1301.20,21992.25,24916
b3218fd5-0ca6-a7c6-e92c-ce410aa8aa76,1962-05-25,2021-02-12,999-60-2047,S99943812,X81887849X,Mr.,Jaime666,Vélez150,,,M,white,hispanic,M,Santiago de los Caballeros  Santiago  DO,237 Baumbach Arcade Apt 77,Springfield,Massachusetts,Hampden County,25013,01013,42.05412602821268,-72.59944508414594,10119.27,180999.89,6591
e6a30d2a-f7d5-dc35-0fcc-cd4f3205986f,1988-04-19,,999-31-2601,S99961003,X19966391X,Mr.,Damien170,Johnston597,,,M,white,nonhispanic,M,West Springfield  Massachusetts  US,480 Boyle Glen,Somerville,Massachusetts,Middlesex County,25017,02155,42.35815489082806,-71.05748099533379,52139.49,1322.80,243965
502ce0d5-72bd-eb71-9fe1-e6e201dbc599,2007-05-25,,999-48-6761,S99972067,,Mr.,Deandre599,Klein929,,,,white,nonhispanic,M,Raynham  Massachusetts  US,117 Bernhard Viaduct Unit 95,Stow,Massachusetts,Middlesex County,,00000,42.431276772917606,-71.49501948420891,2099.59,21388.28,18209
5cd76cd8-e95e-76e5-73ea-04a2704d7cac,1951-04-09,,999-70-8432,S99977568,X34088037X,Mr.,Tim88,Goodwin327,,,S,white,nonhispanic,M,Boston  Massachusetts  US,243 Ankunding Pathway Apt 75,Newbury,Massachusetts,Essex County,,00000,42.813080525942716,-70.85138902984444,61493.24,112251.39,98502
34b11565-8196-037e-31a5-f297784f97c4,1956-01-02,,999-44-2342,S99919014,X18824990X,Mr.,Valentin929,Rogahn59,,,W,black,nonhispanic,M,New Bedford  Massachusetts  US,976 Windler Mill,Marshfield,Massachusetts,Plymouth County,25023,02050,42.08280408654248,-70.75643396352106,76830.88,7396.93,56757
586574b6-4b63-980f-0841-96f6a6d9ab54,1983-09-29,2023-12-31,999-60-5290,S99949378,X45327311X,Mrs.,Kary197,Marquardt819,,Oberbrunner298,M,white,nonhispanic,F,Haverhill  Massachusetts  US,901 Hoeger Fort,Mansfield,Massachusetts,Bristol County,,00000,42.00145123604276,-71.21690307955119,510467.15,688337.04,50640
b9ebed83-8dae-9185-7b77-7507a2521251,1940-09-13,,999-16-1277,S99910369,X76089493X,Mr.,Stephen891,Walker122,,,D,white,nonhispanic,M,Chicopee  Massachusetts  US,804 Moen Route,Northborough,Massachusetts,Worcester County,25027,01532,42.29432702541118,-71.60187157613329,476708.67,345966.94,92578
dc1d27df-97ad-7ca8-e354-bb2e448f32e8,1963-10-10,,999-34-5778,S99924283,X61166070X,Mr.,Marcel580,Ondricka197,,,M,white,nonhispanic,M,Westborough  Massachusetts  US,937 Kuhlman Meadow Suite 26,New Bedford,Massachusetts,Bristol County,25005,02745,41.63454376384394,-70.95895288748804,817657.66,322137.71,99290
3e4c7a24-8c5d-dc7f-a76f-fbfb8872f16c,1967-09-09,,999-26-9239,S99986666,X9993392X,Mr.,Milan77,Hoppe518,,,D,white,nonhispanic,M,North Falmouth  Massachusetts  US,1083 McDermott Route Unit 58,Boston,Massachusetts,Suffolk County,25025,02125,42.27652742165698,-71.05422927125136,85067.09,19931.06,43337
a788d814-e56a-3ba3-2903-c427ef8aa7bb,1962-05-25,,999-93-7870,S99934495,X45676784X,Mr.,Julio255,Sáenz811,,,D,white,hispanic,M,Lima  Lima Province  PE,477 West Underpass,Springfield,Massachusetts,Hampden County,25013,01108,42.126367772898824,-72.48127345636634,12202.55,212853.57,6591
4799de0a-c6da-6d5d-e254-46801f01acb5,1986-03-05,,999-36-5056,S99995432,X35960058X,Mrs.,Paulette168,MacGyver246,,Gorczany269,D,other,nonhispanic,F,Groveland  Massachusetts  US,527 Hilpert Club Unit 42,Peabody,Massachusetts,Essex County,25009,01960,42.496497462054684,-71.00951351926615,807299.06,478076.56,77162
b0c607f7-2e50-6da0-db5d-ea63c7f41f0c,2017-10-03,,999-18-8463,,,,Ana972,Laboy63,,,,white,hispanic,F,Havana  Havana  CU,362 Heidenreich Orchard Apt 49,Lowell,Massachusetts,Middlesex County,25017,01851,42.69744156008038,-71.34311597894214,19003.85,0.00,69264
e84c9797-ab44-a413-f896-a9ffcfa4e044,1991-11-05,,999-55-3166,S99956427,X70216911X,Mrs.,Lester513,Kreiger457,,Kozey370,M,white,nonhispanic,F,Cambridge  Massachusetts  US,227 Strosin Light Unit 77,Belmont,Massachusetts,Middlesex County,25017,02138,42.400184075180285,-71.13030631285903,404173.26,1274136.74,81917
2ed78a4a-916f-016f-39f8-e426de5abd0f,1972-01-12,,999-61-1050,S99956845,X88862277X,Mr.,Owen89,Champlin946,,,S,white,nonhispanic,M,Somerville  Massachusetts  US,106 Schaden Gateway Unit 80,Westminster,Massachusetts,Worcester County,,00000,42.55111708757436,-71.89240983356467,124300.46,20694.65,45318
458e2a0d-fca2-fef9-5411-4a3a10ddd9cd,1983-09-29,2008-11-26,999-93-2538,S99999125,X66985891X,Ms.,Marti99,Schoen8,,,,white,nonhispanic,F,West Newbury  Massachusetts  US,833 Toy Fort,Mansfield,Massachusetts,Bristol County,,00000,42.04414955418991,-71.25860488695425,290481.53,18184.82,50640
e64b9e88-ad81-f797-ee6d-30757088d685,2010-11-06,,999-22-5452,,,,Evelynn217,Kutch271,,,,white,nonhispanic,F,Peabody  Massachusetts  US,846 Schmidt Lodge,Bridgewater,Massachusetts,Plymouth County,25023,02324,41.94821378335557,-71.02159139824994,8300.91,299346.06,98694
32009df0-c13d-42d0-730e-9947f00d8dc8,2001-10-14,,999-44-8860,S99927914,X53366612X,Ms.,Piedad413,Kohler843,,,,white,nonhispanic,F,Boston  Massachusetts  US,713 Quigley Route,Haverhill,Massachusetts,Essex County,25009,01835,42.74326633604097,-71.17293012489515,79476.43,171763.13,47616
9861b5bd-46f6-ecf5-c3aa-05e66e43b3ec,2001-12-11,,999-63-9219,S99943576,X77838583X,Mr.,Jamie386,Bartoletti50,,,,white,hispanic,M,Westfield  Massachusetts  US,857 Langosh Trailer Unit 54,Beverly,Massachusetts,Essex County,25009,01915,42.533622664960205,-70.8761421049032,27332.52,272.48,65198
41e6057d-3044-cfed-d650-f237d8b5d17d,1983-09-29,,999-66-4417,S99979227,X2421162X,Ms.,Nakia544,Quigley282,,,S,white,nonhispanic,F,Springfield  Massachusetts  US,232 Feil Wall,Mansfield,Massachusetts,Bristol County,,00000,42.05800543269117,-71.25646539464594,482616.17,689224.72,50640
0e5c025c-77f8-ce41-bb53-d5027f34510f,1968-06-16,,999-25-6284,S99988286,X40327096X,Mrs.,Lucille738,Jakubowski832,,Hessel84,D,white,nonhispanic,F,North Adams  Massachusetts  US,916 Romaguera Hollow Unit 20,Malden,Massachusetts,Middlesex County,25017,02148,42.47535880391508,-71.03212644641792,14039.29,1067334.33,16659
6b19f3d0-148f-481f-6d54-7dcce1981a67,1969-05-14,,999-98-1057,S99960467,X64284527X,Mr.,Erasmo545,Harris789,,,S,white,nonhispanic,M,Lynn  Massachusetts  US,966 Kuhic Esplanade,Holbrook,Massachusetts,Norfolk County,25021,02368,42.17521432387002,-71.00107609056656,415353.61,272359.07,71010
8c84fcf6-6c5b-36e8-7ade-25a3786ea059,1983-01-31,,999-28-9004,S99934592,X79968896X,Mrs.,Joan322,Mohr916,,Beahan375,M,hawaiian,nonhispanic,F,Salem  Massachusetts  US,956 Rippin Annex,Worcester,Massachusetts,Worcester County,25027,01604,42.18328728797739,-71.81266116633857,11366.17,668011.42,12301
4ee1b787-29bd-9db5-41d7-8d5ffd280da4,1975-01-14,2023-02-06,999-95-7060,S99984191,X56287598X,Mrs.,Tashina114,Bartoletti50,,Barrows492,M,white,nonhispanic,F,Boston  Massachusetts  US,758 Goyette Fort,Saugus,Massachusetts,Essex County,25009,01906,42.43700175917662,-71.02607699618042,193150.08,928805.71,30660
50c38405-ec66-8c38-5511-cb45030599bd,2001-10-18,,999-68-1165,S99922165,X9200751X,Mr.,Basil991,Gibson10,,,,white,nonhispanic,M,Agawam  Massachusetts  US,477 Kuhic Trail,Adams,Massachusetts,Berkshire County,25003,01220,42.67301161384445,-73.16665678355034,33743.36,0.00,46693
7d8b508f-30d1-0038-cb97-c0929e59a699,2009-03-17,,999-81-7477,S99954958,,,Sherryl893,Conn188,,,,white,nonhispanic,F,Rockport  Massachusetts  US,1022 Schultz Estate,Orleans,Massachusetts,Barnstable County,25001,02653,41.77191263744323,-70.02251682132939,26830.23,0.00,39811
cc531ab5-896d-02d2-1c25-638aa09cd4cf,1951-11-11,,999-82-9058,S99956023,X69116763X,Mrs.,Catrice481,Larson43,,Adams676,D,white,nonhispanic,F,Bedford  Massachusetts  US,1093 Anderson Track,Walpole,Massachusetts,Norfolk County,25021,02081,42.186261216831205,-71.2631331923131,298168.79,185179.71,71757
3de16bed-e01b-d556-cfc6-12d63412f091,2012-05-14,,999-60-8161,,,,Krystyna791,Bergnaum523,,,,white,nonhispanic,F,Rome  Lazio  IT,528 Lebsack Parade Apt 89,Hull,Massachusetts,Plymouth County,25023,02045,42.36700756313905,-70.9015054432938,19426.63,0.00,128729
44ad2706-ba08-c027-d788-f4b6bc8a47e8,1965-01-30,,999-15-7325,S99971604,X72696102X,Mrs.,Yolanda648,Terán294,,Grijalva82,M,white,hispanic,F,Puebla  Puebla  MX,195 Rath Key Suite 39,Revere,Massachusetts,Suffolk County,25025,02151,42.45947394993374,-71.01105335517975,694861.46,453462.27,57427
a6522df0-b5c7-fad0-2a00-c0e8a59989ce,2008-03-10,,999-45-4657,S99995370,,,Marylee823,Williamson769,,,,white,nonhispanic,F,Newbury  Massachusetts  US,674 Swift Rest,Framingham,Massachusetts,Middlesex County,25017,01701,42.23881625417798,-71.4421645743287,36887.34,118142.86,679213
fcb8fda2-a147-f0d0-be7f-7f4d70c03787,1985-08-13,2017-10-27,999-84-8616,S99987360,X83332367X,Ms.,Karma832,Koch169,,,S,white,nonhispanic,F,Fall River  Massachusetts  US,736 Miller Port,Boston,Massachusetts,Suffolk County,25025,02111,42.31605112240979,-71.05784835233503,11278.10,301085.04,6608
a5954588-6f27-1832-b7d5-6ccb7560c55f,2009-03-10,,999-52-7778,S99953552,,,Un745,Wiegand701,,,,white,nonhispanic,F,Hull  Massachusetts  US,959 Pacocha Path Suite 56,Gloucester,Massachusetts,Essex County,25009,01930,42.67594279352262,-70.63967820062278,22419.88,19335.48,132517
b24b5387-b536-d16b-6887-1a84d49e7b7c,1943-09-26,,999-77-6291,S99947112,X51871811X,Ms.,Fae378,Satterfield305,,,S,white,nonhispanic,F,West Boylston  Massachusetts  US,700 Ullrich Mews Unit 37,Somerville,Massachusetts,Middlesex County,25017,02140,42.365823824879826,-71.08118736814608,17252.43,1474719.83,14135
265f4f95-652a-261a-e135-6c0b9a3e7a02,1938-11-17,,999-15-8740,S99975602,X53679957X,Mr.,Tobias236,Hackett68,,,M,white,nonhispanic,M,Millis  Massachusetts  US,126 Bergstrom Union,Weymouth,Massachusetts,Norfolk County,25021,02191,42.23850887913488,-70.91600621278207,200936.75,164210.19,77281
cdfc4483-f427-1428-fe84-cf3be5756f1f,2002-10-18,,999-35-4936,S99960967,X16740857X,Ms.,Delilah659,Stroman228,,,,white,hispanic,F,Boston  Massachusetts  US,507 Funk Lane,Haverhill,Massachusetts,Essex County,25009,01832,42.748483547250565,-71.02959005963939,26408.67,11721.99,106983
c877b107-a78d-037a-c894-b4768443314c,1975-01-14,,999-83-4332,S99938190,X14714919X,Ms.,Malinda718,Goldner995,,,S,white,nonhispanic,F,Charlton  Massachusetts  US,669 Buckridge Parade,Saugus,Massachusetts,Essex County,25009,01906,42.467257219536286,-71.05098134470008,267595.48,1143418.56,30660
060f8cbf-a90f-4096-793b-a11e40a3cbd8,1976-08-22,2022-09-13,999-83-7104,S99999899,X83008401X,Mr.,Prince887,Runolfsson901,,,M,white,nonhispanic,M,Amherst  Massachusetts  US,287 Mitchell Row Apt 14,Leominster,Massachusetts,Worcester County,25027,01420,42.540038614629076,-71.73413488707035,234174.92,65430.49,174971
521112df-f180-a758-5a73-5371bc1f86c5,2010-01-28,,999-50-6262,,,,Cheryl605,Stiedemann542,,,,white,nonhispanic,F,Westfield  Massachusetts  US,874 Blanda Light,Brockton,Massachusetts,Plymouth County,25023,02302,42.12154576212056,-71.04631947492051,20288.52,17448.52,87779
670ed32d-9d4b-3c5d-413c-9909b7251bbc,1985-08-13,,999-84-2858,S99987557,X4656512X,Ms.,Donna446,Jacobson885,,,S,white,nonhispanic,F,Newton  Massachusetts  US,887 Reilly Way,Boston,Massachusetts,Suffolk County,25025,02120,42.347766115315736,-71.0031497167356,13990.21,1548669.11,6608
8e479203-4702-ece1-e7a3-53dbf797f75d,1998-12-19,,999-43-3929,S99917231,X39370351X,Mr.,Korey682,Boyer713,,,,white,nonhispanic,M,Arlington  Massachusetts  US,750 Stanton Fort,Bourne,Massachusetts,Barnstable County,25001,02532,41.714153176378026,-70.61942082542865,30191.14,6355.57,101305
c9146e20-5dfe-2efe-6261-ac664864645b,2009-05-25,,999-91-1854,S99975109,,,Arielle168,Doyle959,,,,white,nonhispanic,F,Lynn  Massachusetts  US,753 MacGyver Club Apt 20,Sutton,Massachusetts,Worcester County,,00000,42.15117128964587,-71.71063350072151,25473.72,0.00,126303
455f45bd-d0f7-2464-b1d3-91540cf94a2b,1972-09-13,,999-79-5382,S99911237,X21865575X,Mrs.,Maurita219,Koch169,,Rau926,M,black,nonhispanic,F,Randolph  Massachusetts  US,325 Okuneva Viaduct,Boston,Massachusetts,Suffolk County,25025,02136,42.30447346014501,-71.0464067057094,176982.97,976515.84,28084
a672d0aa-7698-9f10-38f8-8deda5ceb394,1994-10-10,,999-70-9319,S99984713,X3919542X,Mrs.,Margarette462,O'Keefe54,,McCullough561,M,white,nonhispanic,F,Seekonk  Massachusetts  US,375 McLaughlin Lock Suite 71,Worcester,Massachusetts,Worcester County,25027,01603,42.28475136179592,-71.70372521088946,8632.31,459356.97,23021
d7149624-0c45-9dea-d5df-275a4da80714,1971-02-24,,999-86-4141,S99923813,X30697040X,Ms.,Nelly786,Berge125,,,S,white,nonhispanic,F,Worcester  Massachusetts  US,593 Jerde Brook Unit 33,Cambridge,Massachusetts,Middlesex County,25017,02140,42.32810125124085,-71.06990737728098,850063.22,366183.48,94752
951e4d04-eca9-39c7-3692-64860fb9c7c9,1979-12-22,,999-55-2374,S99976777,X19032686X,Mr.,Pedro316,Gutmann970,,,S,white,nonhispanic,M,Fall River  Massachusetts  US,938 McDermott Passage Apt 53,Charlton,Massachusetts,Worcester County,,00000,42.1609240585648,-71.95693739527718,33243.40,24682.50,28899
e6373e7f-5ad1-f56e-62f1-28c6fa33d477,1975-08-26,,999-66-9005,S99923492,X27406378X,Mrs.,Daphine453,Mosciski958,,Schiller186,M,white,nonhispanic,F,Cohasset  Massachusetts  US,222 Legros Club,Cambridge,Massachusetts,Middlesex County,25017,02472,42.41147526737369,-71.1489963914985,150619.08,759043.39,821135
5f826a71-4e86-3df4-1eec-7dd1efccf1c2,1967-06-27,2009-07-14,999-84-1040,S99983514,X18260400X,Mr.,Hipolito984,Beatty507,,,D,white,nonhispanic,M,North Scituate  Massachusetts  US,563 Flatley Dale,North Plymouth,Massachusetts,Plymouth County,,00000,42.00733839092615,-70.70405133937608,516108.57,6007.16,43757
7f97c463-e594-42a6-d856-1baa102aecab,1976-08-22,,999-71-3327,S99997748,X32275302X,Mr.,Rod343,Cremin516,,,M,white,nonhispanic,M,Mendon  Massachusetts  US,396 Effertz Trace Suite 41,Leominster,Massachusetts,Worcester County,25027,01420,42.537723464310396,-71.8150040018657,56542.10,7665.50,174971
07c3242f-44ff-30d8-68fc-faf02ecee06a,1971-04-02,,999-87-1255,S99948231,X24646302X,Mrs.,Staci390,Nikolaus26,,Breitenberg711,M,white,nonhispanic,F,Marblehead  Massachusetts  US,743 Gusikowski Trail,Worcester,Massachusetts,Worcester County,25027,01605,42.279773823746275,-71.79765022558358,584610.65,293401.45,77328
64d3d6c8-74e1-65c6-f9d2-87b5c30da892,1953-05-04,,999-61-7728,S99916683,X73127010X,Mr.,Marvin195,Halvorson124,,,D,white,nonhispanic,M,Norwood  Massachusetts  US,952 Parker Parade,Clinton,Massachusetts,Worcester County,25027,01510,42.4240367588741,-71.71761787552101,115652.77,115686.61,109104
228780df-c048-6273-8147-8bcaf54f15bf,1967-06-27,,999-45-8669,S99953172,X45751675X,Mr.,Irvin970,Crona259,,,D,white,nonhispanic,M,Boston  Massachusetts  US,272 Franecki Esplanade Suite 27,North Plymouth,Massachusetts,Plymouth County,,00000,41.965667070576096,-70.71181238187411,190143.49,0.00,43757
