PATIENT,MEMBERID,START_DATE,END_DATE,PAYER,SECONDARY_PAYER,PLAN_OWNERSHIP,OWNER_NAME
f4121a48-475c-0de0-c89d-85b7e37f485c,,2022-08-01T18:41:29Z,2023-07-31T18:41:29Z,e03e23c9-4df1-3eb6-a62d-f70f02301496,,,
f4121a48-475c-0de0-c89d-85b7e37f485c,,2023-07-31T18:41:29Z,2024-07-29T18:41:29Z,e03e23c9-4df1-3eb6-a62d-f70f02301496,,,
e33b47ff-e301-26de-2545-9f087fd38679,9d5b5c23-f46f-90a5-cc0e-b5616e7956c0,2022-05-19T10:57:11Z,2023-05-18T10:57:11Z,26aab0cd-6aba-3e1b-ac5b-05c8867e762c,,Guardian,Amado512 O'Connell601
f4121a48-475c-0de0-c89d-85b7e37f485c,,2024-07-29T18:41:29Z,2025-07-26T18:41:29Z,e03e23c9-4df1-3eb6-a62d-f70f02301496,,,
e33b47ff-e301-26de-2545-9f087fd38679,9d5b5c23-f46f-90a5-cc0e-b5616e7956c0,2023-05-18T10:57:11Z,2024-05-23T10:57:11Z,26aab0cd-6aba-3e1b-ac5b-05c8867e762c,,Guardian,Amado512 O'Connell601
e33b47ff-e301-26de-2545-9f087fd38679,9d5b5c23-f46f-90a5-cc0e-b5616e7956c0,2024-05-23T10:57:11Z,2025-05-22T10:57:11Z,26aab0cd-6aba-3e1b-ac5b-05c8867e762c,,Guardian,Amado512 O'Connell601
e33b47ff-e301-26de-2545-9f087fd38679,9d5b5c23-f46f-90a5-cc0e-b5616e7956c0,2025-05-22T10:57:11Z,2026-05-17T10:57:11Z,26aab0cd-6aba-3e1b-ac5b-05c8867e762c,,Guardian,Amado512 O'Connell601
cb7d07de-0190-39fe-aa00-a3e5285399f4,7334a2aa-4cc2-bcb5-3c70-30c0fbf4bb8c,2022-04-04T17:43:24Z,2023-04-03T17:43:24Z,26aab0cd-6aba-3e1b-ac5b-05c8867e762c,,Guardian,Waldo53 MacGyver246
cb7d07de-0190-39fe-aa00-a3e5285399f4,39f5881e-6697-d3ec-232f-03c52c76a723,2023-04-03T17:43:24Z,2024-04-01T17:43:24Z,26aab0cd-6aba-3e1b-ac5b-05c8867e762c,,Self,Jeannette562 MacGyver246
cb7d07de-0190-39fe-aa00-a3e5285399f4,730c1f99-a601-0c73-e439-be4cbbdb4862,2024-04-01T17:43:24Z,2025-03-31T17:43:24Z,26aab0cd-6aba-3e1b-ac5b-05c8867e762c,,Self,Jeannette562 MacGyver246
cb7d07de-0190-39fe-aa00-a3e5285399f4,8846030d-45a7-e1b6-a14a-0c30f546f0dc,2025-03-31T17:43:24Z,2026-03-29T17:43:24Z,26aab0cd-6aba-3e1b-ac5b-05c8867e762c,,Self,Jeannette562 MacGyver246
0d9cd8c7-2834-2270-fdb5-89cc91961fbe,c42af7c1-ba4e-2faf-6818-384159c855dd,2022-05-03T21:28:00Z,2023-05-02T21:28:00Z,d31fccc3-1767-390d-966a-22a5156f4219,,Self,Christoper325 Ernser583
0d9cd8c7-2834-2270-fdb5-89cc91961fbe,23bdb00f-32b1-fc38-9681-255bc43ea893,2023-05-02T21:28:00Z,2024-04-30T21:28:00Z,d31fccc3-1767-390d-966a-22a5156f4219,,Self,Christoper325 Ernser583
0d9cd8c7-2834-2270-fdb5-89cc91961fbe,b5f8120c-cc1a-4af9-6396-3e2a4ada34e0,2024-04-30T21:28:00Z,2025-04-29T21:28:00Z,d31fccc3-1767-390d-966a-22a5156f4219,,Self,Christoper325 Ernser583
0d9cd8c7-2834-2270-fdb5-89cc91961fbe,5b6dbc20-98b6-02a4-d21d-2f0a0217d309,2025-04-29T21:28:00Z,2026-04-27T21:28:00Z,a735bf55-83e9-331a-899d-a82a60b9f60c,b046940f-1664-3047-bca7-dfa76be352a4,Self,Christoper325 Ernser583
928bf3ee-fd79-c664-fb75-f372fb2bb1c3,d5f7f3c9-fda5-d4ab-7924-85af665dc64f,2022-02-03T17:25:21Z,2023-02-02T17:25:21Z,b046940f-1664-3047-bca7-dfa76be352a4,,Self,Tim88 Waelchi213
928bf3ee-fd79-c664-fb75-f372fb2bb1c3,8fd615b8-e34b-4e38-e415-15cd0cc7cb16,2023-02-02T17:25:21Z,2024-02-01T17:25:21Z,b046940f-1664-3047-bca7-dfa76be352a4,,Spouse,Mrs. Waelchi213
928bf3ee-fd79-c664-fb75-f372fb2bb1c3,a1c70aa7-1177-6420-443c-6dbf7eb2735c,2024-02-01T17:25:21Z,2025-02-06T17:25:21Z,b046940f-1664-3047-bca7-dfa76be352a4,,Spouse,Mrs. Waelchi213
928bf3ee-fd79-c664-fb75-f372fb2bb1c3,2458aacc-ad71-edb7-5fe0-649b738ea5bd,2025-02-06T17:25:21Z,2026-01-31T17:25:21Z,b046940f-1664-3047-bca7-dfa76be352a4,,Self,Tim88 Waelchi213
0a2c6aab-739a-a71d-bb5b-c3e86e1483b3,a8b70e25-b3ae-c91b-e6b0-dee7f499d00d,2022-03-25T09:29:25Z,2023-03-24T09:29:25Z,0133f751-9229-3cfd-815f-b6d4979bdd6a,,Self,Clinton763 Borer986
0a2c6aab-739a-a71d-bb5b-c3e86e1483b3,bf458327-bf9a-55e5-e09d-47c280949a6f,2023-03-24T09:29:25Z,2024-03-22T09:29:25Z,0133f751-9229-3cfd-815f-b6d4979bdd6a,,Self,Clinton763 Borer986
0a2c6aab-739a-a71d-bb5b-c3e86e1483b3,c34a25d2-095c-c5d6-3404-b1baac6f3850,2024-03-22T09:29:25Z,2025-03-21T09:29:25Z,0133f751-9229-3cfd-815f-b6d4979bdd6a,,Spouse,Mrs. Borer986
0a2c6aab-739a-a71d-bb5b-c3e86e1483b3,28fe20eb-6736-94af-a256-48b756bda897,2025-03-21T09:29:25Z,2026-03-21T09:29:25Z,0133f751-9229-3cfd-815f-b6d4979bdd6a,,Self,Clinton763 Borer986
d225d14d-5afe-32fc-9d9d-a4c5a39cf58e,c00dfa39-fccb-0778-0774-892b6f200a4e,2022-03-09T18:58:06Z,2023-03-08T18:58:06Z,a735bf55-83e9-331a-899d-a82a60b9f60c,b046940f-1664-3047-bca7-dfa76be352a4,Self,Helaine42 Audra143 Crist667
d225d14d-5afe-32fc-9d9d-a4c5a39cf58e,78f48684-00a0-920d-fda3-ca625d660093,2023-03-08T18:58:06Z,2024-03-13T18:58:06Z,a735bf55-83e9-331a-899d-a82a60b9f60c,b046940f-1664-3047-bca7-dfa76be352a4,Self,Helaine42 Audra143 Crist667
d225d14d-5afe-32fc-9d9d-a4c5a39cf58e,2eb25ba8-f40b-6512-d438-24c2d4ec0e73,2024-03-13T18:58:06Z,2025-03-12T18:58:06Z,a735bf55-83e9-331a-899d-a82a60b9f60c,b046940f-1664-3047-bca7-dfa76be352a4,Self,Helaine42 Audra143 Crist667
d225d14d-5afe-32fc-9d9d-a4c5a39cf58e,2cff853b-02bf-1d74-b816-a84cc686beba,2025-03-12T18:58:06Z,2026-03-08T18:58:06Z,a735bf55-83e9-331a-899d-a82a60b9f60c,b046940f-1664-3047-bca7-dfa76be352a4,Self,Helaine42 Audra143 Crist667
8933bcce-7d5c-86e5-fb14-2339146314de,e1d0c7a5-98ca-abd2-3662-e30dfb28fac7,2022-01-18T03:46:39Z,2023-01-17T03:46:39Z,a735bf55-83e9-331a-899d-a82a60b9f60c,b046940f-1664-3047-bca7-dfa76be352a4,Self,Marquita692 Elenora790 Feeney44
8933bcce-7d5c-86e5-fb14-2339146314de,4b219d36-af9d-b791-64e3-4ade3ed5a249,2023-01-17T03:46:39Z,2024-01-23T03:46:39Z,a735bf55-83e9-331a-899d-a82a60b9f60c,b046940f-1664-3047-bca7-dfa76be352a4,Self,Marquita692 Elenora790 Feeney44
8933bcce-7d5c-86e5-fb14-2339146314de,dc05d972-1672-7959-dc90-fc5c69171534,2024-01-23T03:46:39Z,2025-01-21T03:46:39Z,a735bf55-83e9-331a-899d-a82a60b9f60c,b046940f-1664-3047-bca7-dfa76be352a4,Self,Marquita692 Elenora790 Feeney44
8933bcce-7d5c-86e5-fb14-2339146314de,ef6aa274-d4fe-44b2-5f2e-37b7db090d8a,2025-01-21T03:46:39Z,2026-01-17T03:46:39Z,a735bf55-83e9-331a-899d-a82a60b9f60c,b046940f-1664-3047-bca7-dfa76be352a4,Self,Marquita692 Elenora790 Feeney44
f6391b6e-b9a3-253e-6bf8-fb2888c7c5a8,322fc6f8-4acf-558c-0826-57fffb84a3c4,2022-03-26T21:36:47Z,2023-03-25T21:36:47Z,0133f751-9229-3cfd-815f-b6d4979bdd6a,,Guardian,Shantel839 Rolfson709
f6391b6e-b9a3-253e-6bf8-fb2888c7c5a8,322fc6f8-4acf-558c-0826-57fffb84a3c4,2023-03-25T21:36:47Z,2024-03-30T21:36:47Z,0133f751-9229-3cfd-815f-b6d4979bdd6a,,Guardian,Shantel839 Rolfson709
f6391b6e-b9a3-253e-6bf8-fb2888c7c5a8,322fc6f8-4acf-558c-0826-57fffb84a3c4,2024-03-30T21:36:47Z,2025-03-29T21:36:47Z,0133f751-9229-3cfd-815f-b6d4979bdd6a,,Guardian,Shantel839 Rolfson709
f6391b6e-b9a3-253e-6bf8-fb2888c7c5a8,322fc6f8-4acf-558c-0826-57fffb84a3c4,2025-03-29T21:36:47Z,2026-03-24T21:36:47Z,0133f751-9229-3cfd-815f-b6d4979bdd6a,,Guardian,Shantel839 Rolfson709
20386612-39ff-237b-8616-385d5888db81,ac95c112-3726-9175-251a-68221a7be32c,2022-09-23T12:13:15Z,2023-09-22T12:13:15Z,d31fccc3-1767-390d-966a-22a5156f4219,,Self,Arron144 O'Connell601
20386612-39ff-237b-8616-385d5888db81,9b4cc6f1-280b-e2bf-4125-d6c4afe5ae31,2023-09-22T12:13:15Z,2024-09-20T12:13:15Z,d31fccc3-1767-390d-966a-22a5156f4219,,Self,Arron144 O'Connell601
20386612-39ff-237b-8616-385d5888db81,bcdacbf1-2c35-f322-1033-27332aa4995a,2024-09-20T12:13:15Z,2025-09-20T12:13:15Z,d31fccc3-1767-390d-966a-22a5156f4219,,Self,Arron144 O'Connell601
71ca92c1-b5ac-7845-1be6-287dc991577c,65d675c9-6eed-fcf6-631a-47a1b2abd6c1,2022-05-07T20:40:02Z,2023-05-06T20:40:02Z,8fa6c185-e44e-3e34-8bd8-39be8694f4ce,,Self,Larraine124 Wolf938
71ca92c1-b5ac-7845-1be6-287dc991577c,b414dad9-5733-d8a7-26e9-977401b764a9,2023-05-06T20:40:02Z,2024-05-11T20:40:02Z,8fa6c185-e44e-3e34-8bd8-39be8694f4ce,,Self,Larraine124 Wolf938
71ca92c1-b5ac-7845-1be6-287dc991577c,9d1bd59d-572e-10c5-fe40-4b95fa6d73f1,2024-05-11T20:40:02Z,2025-05-10T20:40:02Z,8fa6c185-e44e-3e34-8bd8-39be8694f4ce,,Self,Larraine124 Wolf938
71ca92c1-b5ac-7845-1be6-287dc991577c,8fd0ed84-7c34-3700-c9b8-1c02a274f6f1,2025-05-10T20:40:02Z,2026-05-06T20:40:02Z,8fa6c185-e44e-3e34-8bd8-39be8694f4ce,,Self,Larraine124 Wolf938
3158818b-e34d-72dd-0a16-09c8d1738237,e261ccc4-a5a7-0e5b-cf30-c1761aca0579,2022-03-28T00:12:32Z,2023-03-27T00:12:32Z,df166300-5a78-3502-a46a-832842197811,,Self,Nisha529 Fadel536
3158818b-e34d-72dd-0a16-09c8d1738237,3fb5a0bb-e3d2-1ce6-9751-3fa554b87691,2023-03-27T00:12:32Z,2024-03-25T00:12:32Z,df166300-5a78-3502-a46a-832842197811,,Self,Nisha529 Fadel536
3158818b-e34d-72dd-0a16-09c8d1738237,66d7b1a1-5f01-211c-cba1-4a758b95862a,2024-03-25T00:12:32Z,2025-03-24T00:12:32Z,df166300-5a78-3502-a46a-832842197811,,Self,Nisha529 Fadel536
3158818b-e34d-72dd-0a16-09c8d1738237,50c8b906-5d8a-bbed-c779-0bb00e914137,2025-03-24T00:12:32Z,2026-03-24T00:12:32Z,df166300-5a78-3502-a46a-832842197811,,Self,Nisha529 Fadel536
61c64975-a2f7-befc-26cf-efb47ca83daa,75f07ba2-df5a-872c-cc13-ca8270d7f868,2022-03-05T05:33:36Z,2023-03-04T05:33:36Z,d31fccc3-1767-390d-966a-22a5156f4219,,Guardian,Hugo693 Romaguera67
61c64975-a2f7-befc-26cf-efb47ca83daa,75f07ba2-df5a-872c-cc13-ca8270d7f868,2023-03-04T05:33:36Z,2024-03-02T05:33:36Z,d31fccc3-1767-390d-966a-22a5156f4219,,Guardian,Hugo693 Romaguera67
61c64975-a2f7-befc-26cf-efb47ca83daa,75f07ba2-df5a-872c-cc13-ca8270d7f868,2024-03-02T05:33:36Z,2025-03-01T05:33:36Z,d31fccc3-1767-390d-966a-22a5156f4219,,Guardian,Hugo693 Romaguera67
61c64975-a2f7-befc-26cf-efb47ca83daa,75f07ba2-df5a-872c-cc13-ca8270d7f868,2025-03-01T05:33:36Z,2026-03-01T05:33:36Z,d31fccc3-1767-390d-966a-22a5156f4219,,Guardian,Hugo693 Romaguera67
cb7d639c-cb95-6143-4227-c8bdb2ff7832,d04886d9-6723-5171-6c15-f3e3ab7a4945,2022-04-19T03:02:41Z,2023-04-18T03:02:41Z,0133f751-9229-3cfd-815f-b6d4979bdd6a,,Self,Walton167 Smith67
cb7d639c-cb95-6143-4227-c8bdb2ff7832,660929d3-5189-363c-2533-3048fcf55202,2023-04-18T03:02:41Z,2024-04-16T03:02:41Z,0133f751-9229-3cfd-815f-b6d4979bdd6a,,Self,Walton167 Smith67
cb7d639c-cb95-6143-4227-c8bdb2ff7832,00e334c7-e9b3-2b9b-f581-4942131ae2ea,2024-04-16T03:02:41Z,2025-04-15T03:02:41Z,0133f751-9229-3cfd-815f-b6d4979bdd6a,,Self,Walton167 Smith67
cb7d639c-cb95-6143-4227-c8bdb2ff7832,192e081f-9ff1-3d5e-d333-1205179c491f,2025-04-15T03:02:41Z,2026-04-14T03:02:41Z,0133f751-9229-3cfd-815f-b6d4979bdd6a,,Self,Walton167 Smith67
e174aebd-f34e-da65-68da-44215f60e15d,425da686-d938-54b7-2693-175b47ccf531,2022-04-06T19:12:51Z,2023-04-05T19:12:51Z,0133f751-9229-3cfd-815f-b6d4979bdd6a,,Self,Jarrod316 Schmidt332
e174aebd-f34e-da65-68da-44215f60e15d,9f415c91-e586-e766-8a3c-1952e0c9333c,2023-04-05T19:12:51Z,2024-04-03T19:12:51Z,0133f751-9229-3cfd-815f-b6d4979bdd6a,,Self,Jarrod316 Schmidt332
e174aebd-f34e-da65-68da-44215f60e15d,dbe77ae4-24b8-cbc8-8c42-b9c43d463900,2024-04-03T19:12:51Z,2025-04-02T19:12:51Z,0133f751-9229-3cfd-815f-b6d4979bdd6a,,Self,Jarrod316 Schmidt332
e174aebd-f34e-da65-68da-44215f60e15d,0bc988c7-237a-5198-7dfe-b8e9ee61a128,2025-04-02T19:12:51Z,2026-03-31T19:12:51Z,0133f751-9229-3cfd-815f-b6d4979bdd6a,,Self,Jarrod316 Schmidt332
4d22a32b-095c-d833-e1a8-fdf3b667e7cb,1b2b1b07-60b1-b334-cce3-a6644ec0af82,2022-05-16T00:54:26Z,2023-05-15T00:54:26Z,a735bf55-83e9-331a-899d-a82a60b9f60c,b046940f-1664-3047-bca7-dfa76be352a4,Self,Dawna21 Botsford977
4d22a32b-095c-d833-e1a8-fdf3b667e7cb,9808f5ef-b80f-f2a0-f067-4809a242e0fa,2023-05-15T00:54:26Z,2024-05-13T00:54:26Z,a735bf55-83e9-331a-899d-a82a60b9f60c,b046940f-1664-3047-bca7-dfa76be352a4,Self,Dawna21 Botsford977
4d22a32b-095c-d833-e1a8-fdf3b667e7cb,eccff3fa-7ef0-5d78-0603-906d99bcc06d,2024-05-13T00:54:26Z,2025-05-12T00:54:26Z,a735bf55-83e9-331a-899d-a82a60b9f60c,b046940f-1664-3047-bca7-dfa76be352a4,Self,Dawna21 Botsford977
4d22a32b-095c-d833-e1a8-fdf3b667e7cb,5a898ef1-7ddb-6d5b-c117-7c31ce413c1a,2025-05-12T00:54:26Z,2026-05-10T00:54:26Z,a735bf55-83e9-331a-899d-a82a60b9f60c,b046940f-1664-3047-bca7-dfa76be352a4,Self,Dawna21 Botsford977
bb8fd290-8580-5a13-d943-bbcee1b50686,1edda3c0-1d0c-c2c7-6421-49d9e1ba48a6,2022-09-17T15:54:31Z,2023-09-23T15:54:31Z,26aab0cd-6aba-3e1b-ac5b-05c8867e762c,,Spouse,Mr. Cummerata161
bb8fd290-8580-5a13-d943-bbcee1b50686,0876bbd3-ebb8-86ce-c709-68d1d5585aed,2023-09-23T15:54:31Z,2024-09-21T15:54:31Z,26aab0cd-6aba-3e1b-ac5b-05c8867e762c,,Self,Lidia103 Jonelle857 Cummerata161
bb8fd290-8580-5a13-d943-bbcee1b50686,cce94e39-bf4b-b03e-65a4-09164b777d08,2024-09-21T15:54:31Z,2025-09-17T15:54:31Z,26aab0cd-6aba-3e1b-ac5b-05c8867e762c,,Self,Lidia103 Jonelle857 Cummerata161
501c2f59-4465-ae23-d53a-7b37ccad8d1d,cea8b035-b966-7c72-f680-78c62e4d3352,2022-01-05T23:46:24Z,2023-01-04T23:46:24Z,d31fccc3-1767-390d-966a-22a5156f4219,,Self,Angela104 Debbi640 Stroman228
501c2f59-4465-ae23-d53a-7b37ccad8d1d,9557a53b-5858-09b8-8f2d-3ea2694a43ab,2023-01-04T23:46:24Z,2024-01-03T23:46:24Z,d31fccc3-1767-390d-966a-22a5156f4219,,Self,Angela104 Debbi640 Stroman228
501c2f59-4465-ae23-d53a-7b37ccad8d1d,030e18e4-7f84-007f-a96a-cc72c756f9e3,2024-01-03T23:46:24Z,2025-01-01T23:46:24Z,d31fccc3-1767-390d-966a-22a5156f4219,,Spouse,Mr. Stroman228
501c2f59-4465-ae23-d53a-7b37ccad8d1d,1b6d03e6-1f14-5787-b09a-3d0368c1789d,2025-01-01T23:46:24Z,2026-01-01T23:46:24Z,d31fccc3-1767-390d-966a-22a5156f4219,,Self,Angela104 Debbi640 Stroman228
2564f91f-4a75-154c-95b0-6ac802f7dc64,1dba92db-91f2-3b0a-d9a0-4b31d562a8f1,2022-06-09T18:41:58Z,2023-06-08T18:41:58Z,df166300-5a78-3502-a46a-832842197811,,Self,Oralee226 Denesik803
2564f91f-4a75-154c-95b0-6ac802f7dc64,59be7f68-ed79-f585-5ecc-fa7573154937,2023-06-08T18:41:58Z,2023-10-05T18:41:58Z,df166300-5a78-3502-a46a-832842197811,,Self,Oralee226 Denesik803
2564f91f-4a75-154c-95b0-6ac802f7dc64,,2023-10-05T18:41:58Z,2024-06-06T18:41:58Z,e03e23c9-4df1-3eb6-a62d-f70f02301496,,,
2564f91f-4a75-154c-95b0-6ac802f7dc64,8a5bde95-4419-416a-1b8d-7522b0b3233e,2024-06-06T18:41:58Z,2024-10-03T18:41:58Z,df166300-5a78-3502-a46a-832842197811,,Self,Oralee226 Denesik803
2564f91f-4a75-154c-95b0-6ac802f7dc64,,2024-10-03T18:41:58Z,2025-06-06T18:41:58Z,e03e23c9-4df1-3eb6-a62d-f70f02301496,,,
5a21faff-17ab-819f-e931-fbd8d101541d,f610fbcc-487b-18cf-c316-b68a11eb6126,2022-11-28T19:53:29Z,2023-11-27T19:53:29Z,d18ef2e6-ef40-324c-be54-34a5ee865625,,Spouse,Mr. Hackett68
5a21faff-17ab-819f-e931-fbd8d101541d,46c2b5bb-0ce4-a7d0-5461-ffc3cf754ad9,2023-11-27T19:53:29Z,2024-11-25T19:53:29Z,d18ef2e6-ef40-324c-be54-34a5ee865625,,Spouse,Mr. Hackett68
5a21faff-17ab-819f-e931-fbd8d101541d,69d592fb-0cd0-6daa-91e4-489839d44fbd,2024-11-25T19:53:29Z,2025-11-22T19:53:29Z,d18ef2e6-ef40-324c-be54-34a5ee865625,,Self,Babara869 Thresa531 Hackett68
37a53aa4-8755-8332-8207-ecc6a6a54b31,0d6070a0-5b5f-36b8-c599-44353a64f701,2022-01-02T23:50:23Z,2023-01-01T23:50:23Z,df166300-5a78-3502-a46a-832842197811,,Self,Julian715 West559
37a53aa4-8755-8332-8207-ecc6a6a54b31,54bbe0cb-edc0-4701-070a-4f0fb165c37f,2023-01-01T23:50:23Z,2024-01-07T23:50:23Z,df166300-5a78-3502-a46a-832842197811,,Self,Julian715 West559
37a53aa4-8755-8332-8207-ecc6a6a54b31,dd2b38a1-e107-9bc2-7501-8612df25c4ca,2024-01-07T23:50:23Z,2025-01-05T23:50:23Z,df166300-5a78-3502-a46a-832842197811,,Self,Julian715 West559
37a53aa4-8755-8332-8207-ecc6a6a54b31,cd7e5883-dd2c-064a-7312-14ce3c84b0dc,2025-01-05T23:50:23Z,2026-01-01T23:50:23Z,df166300-5a78-3502-a46a-832842197811,,Self,Julian715 West559
bb204471-a759-2d20-a41e-6dbb6d4ecc6e,45bc1671-76e3-216e-7c31-03756b29b565,2022-12-19T16:13:00Z,2023-12-18T16:13:00Z,d31fccc3-1767-390d-966a-22a5156f4219,,Self,Voncile324 Kunze215
bb204471-a759-2d20-a41e-6dbb6d4ecc6e,3d89d6f6-bf12-2603-f63e-8d081abd1f5f,2023-12-18T16:13:00Z,2024-12-16T16:13:00Z,d31fccc3-1767-390d-966a-22a5156f4219,,Self,Voncile324 Kunze215
bb204471-a759-2d20-a41e-6dbb6d4ecc6e,848c8c2a-c9d0-d06c-885d-e28657a264ed,2024-12-16T16:13:00Z,2025-12-16T16:13:00Z,d31fccc3-1767-390d-966a-22a5156f4219,,Self,Voncile324 Kunze215
c1bc33cc-d343-f5d2-76d9-21300687a96c,610da5a3-3f40-3f22-ee93-7fdd62c0c9ff,2022-07-10T02:59:28Z,2023-07-16T02:59:28Z,d18ef2e6-ef40-324c-be54-34a5ee865625,,Spouse,Mrs. Braun514
c1bc33cc-d343-f5d2-76d9-21300687a96c,98e43757-fc56-3888-1c8b-93883b54bc79,2023-07-16T02:59:28Z,2024-07-14T02:59:28Z,df166300-5a78-3502-a46a-832842197811,,Spouse,Mrs. Braun514
c1bc33cc-d343-f5d2-76d9-21300687a96c,fb9bc71a-f357-f3fb-0613-c270316dd6f5,2024-07-14T02:59:28Z,2025-07-10T02:59:28Z,a735bf55-83e9-331a-899d-a82a60b9f60c,b046940f-1664-3047-bca7-dfa76be352a4,Self,Dane516 Braun514
0b2b64a5-e920-332e-0a14-e6e6fcb5d0ca,12cca38b-934c-10a6-ba2d-a885c1ad5af7,2022-09-12T18:04:47Z,2023-09-18T18:04:47Z,a735bf55-83e9-331a-899d-a82a60b9f60c,b046940f-1664-3047-bca7-dfa76be352a4,Self,Sherika987 Arielle168 Tremblay80
0b2b64a5-e920-332e-0a14-e6e6fcb5d0ca,a26d9e74-ad46-a434-20b7-834186079615,2023-09-18T18:04:47Z,2024-09-16T18:04:47Z,a735bf55-83e9-331a-899d-a82a60b9f60c,b046940f-1664-3047-bca7-dfa76be352a4,Spouse,Mr. Tremblay80
0b2b64a5-e920-332e-0a14-e6e6fcb5d0ca,a32a6c83-b328-1138-c65b-c0844e2850c6,2024-09-16T18:04:47Z,2025-09-12T18:04:47Z,a735bf55-83e9-331a-899d-a82a60b9f60c,b046940f-1664-3047-bca7-dfa76be352a4,Self,Sherika987 Arielle168 Tremblay80
7dfd0898-8eab-ebcc-e9f9-24d3cb044ba0,dcf0bafb-d5c7-0eb0-46f4-3585ce9f3d4e,2022-02-17T01:22:38Z,2023-02-16T01:22:38Z,734afbd6-4794-363b-9bc0-6a3981533ed5,,Self,Neil122 Hackett68
7dfd0898-8eab-ebcc-e9f9-24d3cb044ba0,0dd3d716-3003-3e2f-f470-d1024036509e,2023-02-16T01:22:38Z,2024-02-15T01:22:38Z,734afbd6-4794-363b-9bc0-6a3981533ed5,,Self,Neil122 Hackett68
7dfd0898-8eab-ebcc-e9f9-24d3cb044ba0,6b146399-fe2f-0b52-852c-2ca865257710,2024-02-15T01:22:38Z,2025-02-13T01:22:38Z,8fa6c185-e44e-3e34-8bd8-39be8694f4ce,,Self,Neil122 Hackett68
7dfd0898-8eab-ebcc-e9f9-24d3cb044ba0,3eb0f2f6-6466-2499-3489-2c8d3231e375,2025-02-13T01:22:38Z,2026-02-11T01:22:38Z,a735bf55-83e9-331a-899d-a82a60b9f60c,b046940f-1664-3047-bca7-dfa76be352a4,Self,Neil122 Hackett68
bb1dcba1-fe7a-7133-c745-c941cf9a43bb,d8c94412-62d1-eb6c-19fd-83e593512bc1,2022-02-01T15:29:30Z,2023-02-07T15:29:30Z,b046940f-1664-3047-bca7-dfa76be352a4,,Spouse,Mr. Brakus656
bb1dcba1-fe7a-7133-c745-c941cf9a43bb,08f7e637-7925-a367-1e8a-47fe663101c8,2023-02-07T15:29:30Z,2024-02-06T15:29:30Z,b046940f-1664-3047-bca7-dfa76be352a4,,Spouse,Mr. Brakus656
bb1dcba1-fe7a-7133-c745-c941cf9a43bb,a7560de1-d51d-b436-d2b2-a0d47e306fff,2024-02-06T15:29:30Z,2025-02-04T15:29:30Z,b046940f-1664-3047-bca7-dfa76be352a4,,Self,Ariane992 Jaimie425 Brakus656
bb1dcba1-fe7a-7133-c745-c941cf9a43bb,9d63f4dc-b039-79e8-92e1-f07ba65d3ed8,2025-02-04T15:29:30Z,2026-02-01T15:29:30Z,b046940f-1664-3047-bca7-dfa76be352a4,,Spouse,Mr. Brakus656
fcbb8af2-d82d-a585-5296-23dfa49b3e96,d81be874-ef2d-d553-2b7d-83b1a99ea176,2022-07-13T23:23:49Z,2023-07-12T23:23:49Z,b046940f-1664-3047-bca7-dfa76be352a4,,Guardian,Brent147 Kessler503
fcbb8af2-d82d-a585-5296-23dfa49b3e96,d81be874-ef2d-d553-2b7d-83b1a99ea176,2023-07-12T23:23:49Z,2024-07-10T23:23:49Z,b046940f-1664-3047-bca7-dfa76be352a4,,Guardian,Brent147 Kessler503
fcbb8af2-d82d-a585-5296-23dfa49b3e96,d81be874-ef2d-d553-2b7d-83b1a99ea176,2024-07-10T23:23:49Z,2025-07-08T23:23:49Z,b046940f-1664-3047-bca7-dfa76be352a4,,Guardian,Brent147 Kessler503
b5cd2b6d-379b-0891-a65e-2e6a4adbf959,e036168a-5a62-2516-db38-f203876bfcab,2022-04-04T20:36:55Z,2023-04-03T20:36:55Z,df166300-5a78-3502-a46a-832842197811,,Self,Bruno518 Towne435
b5cd2b6d-379b-0891-a65e-2e6a4adbf959,c900747a-910a-fe89-6aa9-be50d23bee5f,2023-04-03T20:36:55Z,2024-04-08T20:36:55Z,df166300-5a78-3502-a46a-832842197811,,Self,Bruno518 Towne435
b5cd2b6d-379b-0891-a65e-2e6a4adbf959,8c810128-b226-2b0d-e00a-7dc16b04c6f8,2024-04-08T20:36:55Z,2025-04-07T20:36:55Z,df166300-5a78-3502-a46a-832842197811,,Self,Bruno518 Towne435
b5cd2b6d-379b-0891-a65e-2e6a4adbf959,abe9ac04-c147-cb46-81c4-c2715e221892,2025-04-07T20:36:55Z,2026-04-03T20:36:55Z,df166300-5a78-3502-a46a-832842197811,,Self,Bruno518 Towne435
81d285ac-abeb-530c-1e55-08f4498b7fc1,298f5f48-15ac-8f2b-da72-8ee55f397733,2022-10-14T16:39:30Z,2023-10-13T16:39:30Z,df166300-5a78-3502-a46a-832842197811,,Spouse,Mrs. Hane680
81d285ac-abeb-530c-1e55-08f4498b7fc1,03050686-b7e2-4f60-c290-26a5751b8664,2023-10-13T16:39:30Z,2024-10-11T16:39:30Z,df166300-5a78-3502-a46a-832842197811,,Spouse,Mrs. Hane680
81d285ac-abeb-530c-1e55-08f4498b7fc1,16f625c3-d926-6a7e-716c-29dc8348208a,2024-10-11T16:39:30Z,2025-10-08T16:39:30Z,df166300-5a78-3502-a46a-832842197811,,Self,Aaron697 Hane680
c1f7fa66-3bf6-a864-00d1-15808e400e0f,67307d43-b528-b290-bb58-9ee7b859688d,2022-07-26T11:31:00Z,2023-07-25T11:31:00Z,734afbd6-4794-363b-9bc0-6a3981533ed5,,Self,Anita473 Mónica985 Guardado953
c1f7fa66-3bf6-a864-00d1-15808e400e0f,5aa91809-9e42-03f9-681d-5f84abf104a5,2023-07-25T11:31:00Z,2024-07-23T11:31:00Z,734afbd6-4794-363b-9bc0-6a3981533ed5,,Self,Anita473 Mónica985 Guardado953
c1f7fa66-3bf6-a864-00d1-15808e400e0f,d14f17aa-733b-05c2-5058-21025bf0ee5a,2024-07-23T11:31:00Z,2025-07-20T11:31:00Z,734afbd6-4794-363b-9bc0-6a3981533ed5,,Spouse,Mr. Guardado953
25605c52-7c3d-1eda-14dd-e3e8ab7f19c6,5ffe383a-16a3-594a-edd8-015a78d5652e,2022-11-27T14:04:23Z,2023-11-26T14:04:23Z,0133f751-9229-3cfd-815f-b6d4979bdd6a,,Self,Chantal971 Lyndia317 Cormier289
25605c52-7c3d-1eda-14dd-e3e8ab7f19c6,c49260ea-034d-c8bd-ff28-0c59d7f83808,2023-11-26T14:04:23Z,2024-11-24T14:04:23Z,0133f751-9229-3cfd-815f-b6d4979bdd6a,,Self,Chantal971 Lyndia317 Cormier289
25605c52-7c3d-1eda-14dd-e3e8ab7f19c6,d05a7d9d-f303-6875-88fd-e3ce79f199cc,2024-11-24T14:04:23Z,2025-11-24T14:04:23Z,0133f751-9229-3cfd-815f-b6d4979bdd6a,,Self,Chantal971 Lyndia317 Cormier289
fe92d8b6-def2-1efa-d9a9-734c5bf36495,ea209ea4-97d6-9846-33a8-10f1f3c0296c,2022-04-05T12:41:36Z,2023-04-04T12:41:36Z,d18ef2e6-ef40-324c-be54-34a5ee865625,,Self,Kimbery217 Glenna97 McDermott739
fe92d8b6-def2-1efa-d9a9-734c5bf36495,8560a3d7-3847-90b4-6233-abf8a68b903e,2023-04-04T12:41:36Z,2024-04-02T12:41:36Z,d18ef2e6-ef40-324c-be54-34a5ee865625,,Self,Kimbery217 Glenna97 McDermott739
fe92d8b6-def2-1efa-d9a9-734c5bf36495,2363fdd1-0bab-c3d5-68c9-cec9c2073ab8,2024-04-02T12:41:36Z,2025-03-31T12:41:36Z,df166300-5a78-3502-a46a-832842197811,,Self,Kimbery217 Glenna97 McDermott739
46792287-7448-3ba2-86d9-60dcb895d0f7,05613838-b369-9758-c824-22c24145f7f1,2022-01-28T18:14:30Z,2023-02-03T18:14:30Z,b046940f-1664-3047-bca7-dfa76be352a4,,Self,Wiley422 Rogahn59
46792287-7448-3ba2-86d9-60dcb895d0f7,a2b28560-c2fe-b435-d764-9857b1de94a5,2023-02-03T18:14:30Z,2024-02-02T18:14:30Z,b046940f-1664-3047-bca7-dfa76be352a4,,Self,Wiley422 Rogahn59
46792287-7448-3ba2-86d9-60dcb895d0f7,9d232e90-ab24-3b96-69d0-d66824223c31,2024-02-02T18:14:30Z,2025-01-31T18:14:30Z,b046940f-1664-3047-bca7-dfa76be352a4,,Self,Wiley422 Rogahn59
46792287-7448-3ba2-86d9-60dcb895d0f7,85db48de-89a9-1cba-b2e1-666ddd770fff,2025-01-31T18:14:30Z,2026-01-28T18:14:30Z,b046940f-1664-3047-bca7-dfa76be352a4,,Self,Wiley422 Rogahn59
16802cd8-7114-aec9-b0d1-c2ad9f6cddb9,69331b70-c731-33ff-d1d0-b0b415c93672,2022-03-05T20:44:29Z,2023-03-04T20:44:29Z,26aab0cd-6aba-3e1b-ac5b-05c8867e762c,,Self,Justa309 Heller342
16802cd8-7114-aec9-b0d1-c2ad9f6cddb9,1205d95f-422f-177b-5de7-5a1ed8ed2140,2023-03-04T20:44:29Z,2024-03-02T20:44:29Z,26aab0cd-6aba-3e1b-ac5b-05c8867e762c,,Self,Justa309 Heller342
16802cd8-7114-aec9-b0d1-c2ad9f6cddb9,9445e08d-ec49-353f-e8ec-2f56c44c4c93,2024-03-02T20:44:29Z,2025-03-01T20:44:29Z,26aab0cd-6aba-3e1b-ac5b-05c8867e762c,,Self,Justa309 Heller342
16802cd8-7114-aec9-b0d1-c2ad9f6cddb9,abdcee6e-e218-7411-252d-033978e7015e,2025-03-01T20:44:29Z,2026-02-28T20:44:29Z,26aab0cd-6aba-3e1b-ac5b-05c8867e762c,,Self,Justa309 Heller342
5cf330bf-2f25-ebdf-c805-724235e8a534,02683ab3-d634-e37d-0fc3-ca266d0b6eea,2022-05-30T10:53:35Z,2023-06-05T10:53:35Z,26aab0cd-6aba-3e1b-ac5b-05c8867e762c,,Self,Nigel915 Hauck852
5cf330bf-2f25-ebdf-c805-724235e8a534,22e8778a-63d5-8bb5-a314-1ca36c40e72e,2023-06-05T10:53:35Z,2024-06-03T10:53:35Z,26aab0cd-6aba-3e1b-ac5b-05c8867e762c,,Self,Nigel915 Hauck852
5cf330bf-2f25-ebdf-c805-724235e8a534,f028a97a-d68e-3681-915b-c034a58c71e5,2024-06-03T10:53:35Z,2025-06-02T10:53:35Z,26aab0cd-6aba-3e1b-ac5b-05c8867e762c,,Self,Nigel915 Hauck852
5cf330bf-2f25-ebdf-c805-724235e8a534,7d86164b-ea71-ac3d-7e55-62ac20c4b572,2025-06-02T10:53:35Z,2026-05-30T10:53:35Z,26aab0cd-6aba-3e1b-ac5b-05c8867e762c,,Self,Nigel915 Hauck852
e32dc4a1-5309-8d09-8915-05ef29159617,a4bd4986-efd8-fd97-878e-aee73289fa1a,2022-06-11T03:23:41Z,2023-06-10T03:23:41Z,26aab0cd-6aba-3e1b-ac5b-05c8867e762c,,Self,Angelyn934 Kilback373
e32dc4a1-5309-8d09-8915-05ef29159617,f2dbf231-5cb6-726f-69fc-16a917c6ece1,2023-06-10T03:23:41Z,2024-06-08T03:23:41Z,26aab0cd-6aba-3e1b-ac5b-05c8867e762c,,Self,Angelyn934 Kilback373
e32dc4a1-5309-8d09-8915-05ef29159617,b2bc35b2-42ea-9b94-0ec2-fbde66fd340a,2024-06-08T03:23:41Z,2025-06-06T03:23:41Z,26aab0cd-6aba-3e1b-ac5b-05c8867e762c,,Self,Angelyn934 Kilback373
c43065f9-25da-ba36-e792-4c8cb6f519c9,c55c72b3-9821-b872-08d1-c58243b43f81,2022-02-08T18:02:37Z,2023-02-07T18:02:37Z,734afbd6-4794-363b-9bc0-6a3981533ed5,,Self,Stephaine613 Marie754 Keeling57
c43065f9-25da-ba36-e792-4c8cb6f519c9,b55fa111-367d-0aa5-45e8-d9d7a4c9ffec,2023-02-07T18:02:37Z,2024-02-13T18:02:37Z,734afbd6-4794-363b-9bc0-6a3981533ed5,,Self,Stephaine613 Marie754 Keeling57
c43065f9-25da-ba36-e792-4c8cb6f519c9,7a6802f7-2c1d-b0f7-e312-4f15a24a67ac,2024-02-13T18:02:37Z,2025-02-11T18:02:37Z,734afbd6-4794-363b-9bc0-6a3981533ed5,,Self,Stephaine613 Marie754 Keeling57
c43065f9-25da-ba36-e792-4c8cb6f519c9,2d22bf76-287f-1a0e-9508-9fb2f93d3fe3,2025-02-11T18:02:37Z,2026-02-07T18:02:37Z,734afbd6-4794-363b-9bc0-6a3981533ed5,,Self,Stephaine613 Marie754 Keeling57
596c3d09-6ac5-f431-2570-31a78e0fe880,ab9fce3d-a7ed-6071-24e9-a865d5b95c8b,2022-04-05T12:41:36Z,2023-04-04T12:41:36Z,d18ef2e6-ef40-324c-be54-34a5ee865625,,Self,Dionna991 Stracke611
596c3d09-6ac5-f431-2570-31a78e0fe880,a0ac8e1b-6fd5-9deb-9743-b0f247494a9e,2023-04-04T12:41:36Z,2024-04-02T12:41:36Z,d18ef2e6-ef40-324c-be54-34a5ee865625,,Self,Dionna991 Stracke611
596c3d09-6ac5-f431-2570-31a78e0fe880,a36158f8-a67f-7225-f6c3-36f813eec021,2024-04-02T12:41:36Z,2025-03-31T12:41:36Z,d18ef2e6-ef40-324c-be54-34a5ee865625,,Self,Dionna991 Stracke611
11d21bd8-be75-250b-f0cc-ee26d3beaf74,0341ac21-7e14-651b-c770-3e367b9f0843,2022-01-22T02:34:41Z,2023-01-21T02:34:41Z,26aab0cd-6aba-3e1b-ac5b-05c8867e762c,,Self,Yong583 Koepp521
11d21bd8-be75-250b-f0cc-ee26d3beaf74,19e0825e-99e9-bcd4-9f16-7115a269e63a,2023-01-21T02:34:41Z,2024-01-20T02:34:41Z,26aab0cd-6aba-3e1b-ac5b-05c8867e762c,,Self,Yong583 Koepp521
11d21bd8-be75-250b-f0cc-ee26d3beaf74,b6a839b6-6182-7efb-2799-0bb7909381b1,2024-01-20T02:34:41Z,2025-01-18T02:34:41Z,26aab0cd-6aba-3e1b-ac5b-05c8867e762c,,Self,Yong583 Koepp521
11d21bd8-be75-250b-f0cc-ee26d3beaf74,2cbff160-6d19-6761-5fd4-8eb1f7346a62,2025-01-18T02:34:41Z,2026-01-16T02:34:41Z,26aab0cd-6aba-3e1b-ac5b-05c8867e762c,,Self,Yong583 Koepp521
47ecacc5-d7fa-d717-68ef-47e0e5ce0bb8,5586bb01-1c17-784a-c4bf-61910fe51258,2022-09-18T01:14:48Z,2023-09-24T01:14:48Z,b046940f-1664-3047-bca7-dfa76be352a4,,Self,Natividad796 White193
47ecacc5-d7fa-d717-68ef-47e0e5ce0bb8,13ec76fe-f0ae-fbd1-2fc9-2cb225439af9,2023-09-24T01:14:48Z,2024-09-22T01:14:48Z,b046940f-1664-3047-bca7-dfa76be352a4,,Self,Natividad796 White193
47ecacc5-d7fa-d717-68ef-47e0e5ce0bb8,93db0203-1e0d-0dbe-b34e-cb7fdd9f4b05,2024-09-22T01:14:48Z,2025-09-18T01:14:48Z,b046940f-1664-3047-bca7-dfa76be352a4,,Self,Natividad796 White193
f4bb2637-8130-5aa7-ceb4-cf5100549d0a,b471f697-3588-da3a-d00a-0834d3947fbb,2022-08-20T01:18:25Z,2023-08-19T01:18:25Z,a735bf55-83e9-331a-899d-a82a60b9f60c,b046940f-1664-3047-bca7-dfa76be352a4,Self,Rafael239 Kerluke267
f4bb2637-8130-5aa7-ceb4-cf5100549d0a,604f4f93-d50c-9a07-998e-0cd02a63a682,2023-08-19T01:18:25Z,2024-08-17T01:18:25Z,a735bf55-83e9-331a-899d-a82a60b9f60c,b046940f-1664-3047-bca7-dfa76be352a4,Spouse,Mrs. Kerluke267
f4bb2637-8130-5aa7-ceb4-cf5100549d0a,19014cb8-e7f6-d4fa-489a-c66e50ce269d,2024-08-17T01:18:25Z,2025-08-15T01:18:25Z,a735bf55-83e9-331a-899d-a82a60b9f60c,b046940f-1664-3047-bca7-dfa76be352a4,Self,Rafael239 Kerluke267
b244d132-2a9a-af69-04b1-ba26a1ec385f,0f7fbf23-ea24-a443-53d2-0e0645f2c07c,2022-01-24T08:46:05Z,2023-01-30T08:46:05Z,df166300-5a78-3502-a46a-832842197811,,Spouse,Mrs. Kassulke119
b244d132-2a9a-af69-04b1-ba26a1ec385f,73c7ab11-6860-a587-0dec-816fd91c0ead,2023-01-30T08:46:05Z,2024-01-29T08:46:05Z,df166300-5a78-3502-a46a-832842197811,,Spouse,Mrs. Kassulke119
b244d132-2a9a-af69-04b1-ba26a1ec385f,3a2a9195-70de-c94a-10e8-6a7b0aeb5187,2024-01-29T08:46:05Z,2025-01-27T08:46:05Z,df166300-5a78-3502-a46a-832842197811,,Self,Forrest301 Kassulke119
b244d132-2a9a-af69-04b1-ba26a1ec385f,dee169db-0409-25fa-6fcc-5ad97737803e,2025-01-27T08:46:05Z,2026-01-24T08:46:05Z,df166300-5a78-3502-a46a-832842197811,,Spouse,Mrs. Kassulke119
10d8a3fc-024f-ba1e-ac69-6eaff2b386ef,d22a3624-b96c-7ae7-699c-6706a31dde4a,2022-10-27T08:42:03Z,2023-10-26T08:42:03Z,a735bf55-83e9-331a-899d-a82a60b9f60c,b046940f-1664-3047-bca7-dfa76be352a4,Self,Felipe97 Duarte203
10d8a3fc-024f-ba1e-ac69-6eaff2b386ef,921d3ce6-ad56-87f2-ebb6-9336601041d7,2023-10-26T08:42:03Z,2024-10-24T08:42:03Z,a735bf55-83e9-331a-899d-a82a60b9f60c,b046940f-1664-3047-bca7-dfa76be352a4,Self,Felipe97 Duarte203
10d8a3fc-024f-ba1e-ac69-6eaff2b386ef,1a4553ad-c8db-ff0d-c93d-641c0c1a1ca1,2024-10-24T08:42:03Z,2025-10-22T08:42:03Z,a735bf55-83e9-331a-899d-a82a60b9f60c,b046940f-1664-3047-bca7-dfa76be352a4,Self,Felipe97 Duarte203
90bb89d1-d976-b7c8-f2ba-12f2888524f0,a8663204-27ef-a36f-0fbe-0e32d0accfad,2022-03-11T10:39:17Z,2023-03-17T10:39:17Z,8fa6c185-e44e-3e34-8bd8-39be8694f4ce,,Self,Waylon572 Wisoky380
90bb89d1-d976-b7c8-f2ba-12f2888524f0,c0cf20c7-2c1d-1c6c-c1db-3a04c9a43e66,2023-03-17T10:39:17Z,2024-03-15T10:39:17Z,0133f751-9229-3cfd-815f-b6d4979bdd6a,,Self,Waylon572 Wisoky380
90bb89d1-d976-b7c8-f2ba-12f2888524f0,f5dbd621-eac6-97ce-ea25-5c3c3d7df6af,2024-03-15T10:39:17Z,2025-03-14T10:39:17Z,0133f751-9229-3cfd-815f-b6d4979bdd6a,,Spouse,Mrs. Wisoky380
90bb89d1-d976-b7c8-f2ba-12f2888524f0,6a32c22d-8117-8d0b-0095-1ed4bc9a075d,2025-03-14T10:39:17Z,2026-03-11T10:39:17Z,0133f751-9229-3cfd-815f-b6d4979bdd6a,,Self,Waylon572 Wisoky380
0a5bc671-5b64-8f17-1069-47e541946b11,d2578ce3-b2fe-883d-e749-999f8fb8eb1d,2022-07-06T01:12:37Z,2023-07-05T01:12:37Z,a735bf55-83e9-331a-899d-a82a60b9f60c,b046940f-1664-3047-bca7-dfa76be352a4,Self,Jesica465 Samella245 Cronin387
0a5bc671-5b64-8f17-1069-47e541946b11,a003714d-804a-e273-6944-67b6e9e5bc23,2023-07-05T01:12:37Z,2024-07-10T01:12:37Z,a735bf55-83e9-331a-899d-a82a60b9f60c,b046940f-1664-3047-bca7-dfa76be352a4,Self,Jesica465 Samella245 Cronin387
0a5bc671-5b64-8f17-1069-47e541946b11,c8d6c1a5-76dc-4b34-ee86-ad3840de4611,2024-07-10T01:12:37Z,2025-07-04T01:12:37Z,a735bf55-83e9-331a-899d-a82a60b9f60c,b046940f-1664-3047-bca7-dfa76be352a4,Self,Jesica465 Samella245 Cronin387
abcce2fb-988c-a59d-670f-bc2b4b7335fc,85dc22f6-fe34-86f5-23eb-37c943a778ad,2022-01-31T06:19:35Z,2023-01-30T06:19:35Z,b046940f-1664-3047-bca7-dfa76be352a4,,Self,Jin479 Von197
abcce2fb-988c-a59d-670f-bc2b4b7335fc,c4f50548-06f8-7e35-4892-09a403c17b12,2023-01-30T06:19:35Z,2024-01-29T06:19:35Z,b046940f-1664-3047-bca7-dfa76be352a4,,Self,Jin479 Von197
abcce2fb-988c-a59d-670f-bc2b4b7335fc,da9ed9d8-bc6f-a0a7-cf09-1584aabedf2f,2024-01-29T06:19:35Z,2025-01-27T06:19:35Z,b046940f-1664-3047-bca7-dfa76be352a4,,Self,Jin479 Von197
abcce2fb-988c-a59d-670f-bc2b4b7335fc,d16441e6-d51b-1f97-c540-fe67be6fabd8,2025-01-27T06:19:35Z,2026-01-27T06:19:35Z,b046940f-1664-3047-bca7-dfa76be352a4,,Self,Jin479 Von197
01b14e05-f7ba-82c4-f007-1d7d3475bf92,67fdbf0f-5147-0dae-71ba-180f8182ae6c,2024-02-16T22:31:44Z,2025-02-21T22:31:44Z,df166300-5a78-3502-a46a-832842197811,,Self,Clinton763 Harber290
01b14e05-f7ba-82c4-f007-1d7d3475bf92,33982de2-04b0-0eca-b29e-52e50ca4658e,2025-02-21T22:31:44Z,2026-02-16T22:31:44Z,df166300-5a78-3502-a46a-832842197811,,Self,Clinton763 Harber290
55043a61-aa7c-015f-1ab9-a7b2b86be1e0,f301260a-42a3-84ab-471f-c4586bf87f7e,2022-04-13T06:18:30Z,2023-04-12T06:18:30Z,0133f751-9229-3cfd-815f-b6d4979bdd6a,,Self,Carin553 Emard19
55043a61-aa7c-015f-1ab9-a7b2b86be1e0,853bd64b-5f27-d996-0aa9-d59318b60eba,2023-04-12T06:18:30Z,2024-04-17T06:18:30Z,8fa6c185-e44e-3e34-8bd8-39be8694f4ce,,Self,Carin553 Emard19
55043a61-aa7c-015f-1ab9-a7b2b86be1e0,5c1d38d9-2e7e-f14e-1191-3cdcc21ae5b7,2024-04-17T06:18:30Z,2025-04-16T06:18:30Z,8fa6c185-e44e-3e34-8bd8-39be8694f4ce,,Spouse,Mr. Emard19
55043a61-aa7c-015f-1ab9-a7b2b86be1e0,34517acf-702b-3e0e-7b2e-73a482c205d9,2025-04-16T06:18:30Z,2026-04-12T06:18:30Z,8fa6c185-e44e-3e34-8bd8-39be8694f4ce,,Spouse,Mr. Emard19
c2b8d23b-1170-6ad7-0220-74a514d1c8a7,bf01f0b0-492f-b00e-be6d-a6d638c371be,2022-04-05T12:41:36Z,2023-04-04T12:41:36Z,d18ef2e6-ef40-324c-be54-34a5ee865625,,Self,Sabine292 Turcotte120
c2b8d23b-1170-6ad7-0220-74a514d1c8a7,9461eae5-7f73-37b7-2d5c-d7c364bebbc8,2023-04-04T12:41:36Z,2024-04-02T12:41:36Z,d18ef2e6-ef40-324c-be54-34a5ee865625,,Self,Sabine292 Turcotte120
c2b8d23b-1170-6ad7-0220-74a514d1c8a7,a3b058ab-442c-03f1-de95-464c393cfb75,2024-04-02T12:41:36Z,2025-04-01T12:41:36Z,a735bf55-83e9-331a-899d-a82a60b9f60c,b046940f-1664-3047-bca7-dfa76be352a4,Self,Sabine292 Turcotte120
c2b8d23b-1170-6ad7-0220-74a514d1c8a7,b82b9e12-d2a4-dbe0-c922-09d7c952ec4f,2025-04-01T12:41:36Z,2026-03-31T12:41:36Z,d18ef2e6-ef40-324c-be54-34a5ee865625,,Self,Sabine292 Turcotte120
fa9389ad-724b-123e-9f8c-7683dd788159,b39e96f0-42e7-0bfe-904b-a776aee18ae9,2022-08-18T15:55:58Z,2023-08-17T15:55:58Z,a735bf55-83e9-331a-899d-a82a60b9f60c,,Self,Carmelita854 Sharleen176 Gulgowski816
fa9389ad-724b-123e-9f8c-7683dd788159,537ffe96-d5a1-8a5f-3539-740b5056bf5e,2023-08-17T15:55:58Z,2024-08-22T15:55:58Z,a735bf55-83e9-331a-899d-a82a60b9f60c,b046940f-1664-3047-bca7-dfa76be352a4,Self,Carmelita854 Sharleen176 Gulgowski816
fa9389ad-724b-123e-9f8c-7683dd788159,94df3a55-1459-44cd-16ff-972422ec0b8d,2024-08-22T15:55:58Z,2025-08-16T15:55:58Z,a735bf55-83e9-331a-899d-a82a60b9f60c,b046940f-1664-3047-bca7-dfa76be352a4,Self,Carmelita854 Sharleen176 Gulgowski816
d9ee1b6e-7d6d-ae83-127c-2137e7a2d8ed,4590d981-e55b-73df-8d20-52a45b329d0c,2022-07-21T10:46:56Z,2023-07-20T10:46:56Z,26aab0cd-6aba-3e1b-ac5b-05c8867e762c,,Self,Johnson679 Littel644
d9ee1b6e-7d6d-ae83-127c-2137e7a2d8ed,4a1b7a63-8791-66c2-5afe-ca93925963af,2023-07-20T10:46:56Z,2024-07-25T10:46:56Z,26aab0cd-6aba-3e1b-ac5b-05c8867e762c,,Self,Johnson679 Littel644
d9ee1b6e-7d6d-ae83-127c-2137e7a2d8ed,6d284a98-3bf9-5c96-c873-051409b33242,2024-07-25T10:46:56Z,2025-07-19T10:46:56Z,26aab0cd-6aba-3e1b-ac5b-05c8867e762c,,Self,Johnson679 Littel644
73f0d532-391c-4cea-83a6-9e2b4a9b1b5a,,2022-01-06T02:35:20Z,2023-01-05T02:35:20Z,e03e23c9-4df1-3eb6-a62d-f70f02301496,,,
73f0d532-391c-4cea-83a6-9e2b4a9b1b5a,,2023-01-05T02:35:20Z,2024-01-04T02:35:20Z,e03e23c9-4df1-3eb6-a62d-f70f02301496,,,
73f0d532-391c-4cea-83a6-9e2b4a9b1b5a,,2024-01-04T02:35:20Z,2025-01-09T02:35:20Z,e03e23c9-4df1-3eb6-a62d-f70f02301496,,,
73f0d532-391c-4cea-83a6-9e2b4a9b1b5a,,2025-01-09T02:35:20Z,2026-01-04T02:35:20Z,e03e23c9-4df1-3eb6-a62d-f70f02301496,,,
58f69b85-03fc-64cf-1917-cdbd69eec0fb,06e06a54-5b66-f27e-fd28-84fe1fc24137,2022-01-25T02:07:05Z,2023-01-31T02:07:05Z,b046940f-1664-3047-bca7-dfa76be352a4,,Spouse,Mrs. Gleason633
58f69b85-03fc-64cf-1917-cdbd69eec0fb,096a6b20-5f53-3432-cfd9-c30f56f9beaa,2023-01-31T02:07:05Z,2024-01-30T02:07:05Z,b046940f-1664-3047-bca7-dfa76be352a4,,Spouse,Mrs. Gleason633
58f69b85-03fc-64cf-1917-cdbd69eec0fb,37785347-25ec-57af-1ee6-f09813c08b5a,2024-01-30T02:07:05Z,2025-01-28T02:07:05Z,b046940f-1664-3047-bca7-dfa76be352a4,,Spouse,Mrs. Gleason633
58f69b85-03fc-64cf-1917-cdbd69eec0fb,3c598a7f-3e41-6d6f-d8d1-6cef1da4a789,2025-01-28T02:07:05Z,2026-01-25T02:07:05Z,b046940f-1664-3047-bca7-dfa76be352a4,,Spouse,Mrs. Gleason633
5b1bc15e-47c6-d41f-4dbe-f420f37d7b8f,fb8f7261-53a3-22ee-7fce-ad638b0b0bb6,2022-02-17T05:51:20Z,2023-02-16T05:51:20Z,a735bf55-83e9-331a-899d-a82a60b9f60c,b046940f-1664-3047-bca7-dfa76be352a4,Self,Lily490 Borer986
5b1bc15e-47c6-d41f-4dbe-f420f37d7b8f,6883ca2f-6265-fee2-765d-72bcdba515b2,2023-02-16T05:51:20Z,2024-02-22T05:51:20Z,a735bf55-83e9-331a-899d-a82a60b9f60c,b046940f-1664-3047-bca7-dfa76be352a4,Self,Lily490 Borer986
5b1bc15e-47c6-d41f-4dbe-f420f37d7b8f,07c85781-0b23-ac4e-4c32-5d1d117966bb,2024-02-22T05:51:20Z,2025-02-20T05:51:20Z,a735bf55-83e9-331a-899d-a82a60b9f60c,b046940f-1664-3047-bca7-dfa76be352a4,Self,Lily490 Borer986
5b1bc15e-47c6-d41f-4dbe-f420f37d7b8f,07d46cdb-08b9-6a21-977b-32c0b784eac5,2025-02-20T05:51:20Z,2026-02-16T05:51:20Z,a735bf55-83e9-331a-899d-a82a60b9f60c,b046940f-1664-3047-bca7-dfa76be352a4,Self,Lily490 Borer986
c25511b1-1725-1b5c-a1a4-7820915013c7,92ebb51c-0cc4-6871-ef04-86dcc102f893,2022-03-18T13:20:18Z,2023-03-17T13:20:18Z,a735bf55-83e9-331a-899d-a82a60b9f60c,,Self,Fritz267 Mante251
c25511b1-1725-1b5c-a1a4-7820915013c7,6cf0e414-4708-e36a-4373-41752d978726,2023-03-17T13:20:18Z,2024-03-22T13:20:18Z,d18ef2e6-ef40-324c-be54-34a5ee865625,,Self,Fritz267 Mante251
c25511b1-1725-1b5c-a1a4-7820915013c7,5b001ece-2d66-041d-e136-44f22cba2efb,2024-03-22T13:20:18Z,2025-03-21T13:20:18Z,d18ef2e6-ef40-324c-be54-34a5ee865625,,Self,Fritz267 Mante251
c25511b1-1725-1b5c-a1a4-7820915013c7,33d46ccf-be56-af23-763f-3bda690c4613,2025-03-21T13:20:18Z,2026-03-16T13:20:18Z,d18ef2e6-ef40-324c-be54-34a5ee865625,,Self,Fritz267 Mante251
4ef99202-2452-40cb-7c33-6f77ee3fa6bc,0f4bec3e-232f-1452-030d-77e7884fc610,2022-03-27T05:59:05Z,2023-04-02T05:59:05Z,d18ef2e6-ef40-324c-be54-34a5ee865625,,Self,Napoleon578 Reichert620
4ef99202-2452-40cb-7c33-6f77ee3fa6bc,56aa6593-15f5-5130-6670-7395524329f5,2023-04-02T05:59:05Z,2024-03-31T05:59:05Z,df166300-5a78-3502-a46a-832842197811,,Spouse,Mrs. Reichert620
4ef99202-2452-40cb-7c33-6f77ee3fa6bc,2d8fd03a-5ef8-1447-ab78-8da4305a61ab,2024-03-31T05:59:05Z,2025-03-30T05:59:05Z,df166300-5a78-3502-a46a-832842197811,,Spouse,Mrs. Reichert620
4ef99202-2452-40cb-7c33-6f77ee3fa6bc,c5b3f5c3-081f-a1fe-0520-ec4d695cc250,2025-03-30T05:59:05Z,2026-03-27T05:59:05Z,d18ef2e6-ef40-324c-be54-34a5ee865625,,Spouse,Mrs. Reichert620
6826fc77-e3f9-72c7-3bf5-b5207e3bde15,,2023-12-11T08:49:09Z,2024-12-16T08:49:09Z,e03e23c9-4df1-3eb6-a62d-f70f02301496,,,
6826fc77-e3f9-72c7-3bf5-b5207e3bde15,,2024-12-16T08:49:09Z,2025-12-11T08:49:09Z,e03e23c9-4df1-3eb6-a62d-f70f02301496,,,
a7d5dc88-be26-d569-5da0-b7ab9356c937,033ee211-4449-42ab-de5b-68e033779cae,2022-10-09T13:18:17Z,2023-10-08T13:18:17Z,df166300-5a78-3502-a46a-832842197811,,Self,Caren429 Carroll471
a7d5dc88-be26-d569-5da0-b7ab9356c937,6edf109c-d790-7af3-9f5c-3b38661499f9,2023-10-08T13:18:17Z,2024-10-13T13:18:17Z,df166300-5a78-3502-a46a-832842197811,,Self,Caren429 Carroll471
a7d5dc88-be26-d569-5da0-b7ab9356c937,8cff1875-7857-9796-e89d-369e25dc881e,2024-10-13T13:18:17Z,2025-10-07T13:18:17Z,df166300-5a78-3502-a46a-832842197811,,Self,Caren429 Carroll471
8ed059a0-ea3a-991e-0feb-ac48138dc4ab,8a6cab1b-85e0-1bd3-6e80-3ce08df25a73,2022-07-19T08:41:09Z,2023-07-18T08:41:09Z,d18ef2e6-ef40-324c-be54-34a5ee865625,,Self,Marquis364 Bogan287
8ed059a0-ea3a-991e-0feb-ac48138dc4ab,21533d3f-6220-be35-faba-76eaf65cd5e7,2023-07-18T08:41:09Z,2024-07-23T08:41:09Z,d18ef2e6-ef40-324c-be54-34a5ee865625,,Spouse,Mrs. Bogan287
8ed059a0-ea3a-991e-0feb-ac48138dc4ab,ab0ad37d-5259-4883-a260-0589a7ba2a85,2024-07-23T08:41:09Z,2025-07-17T08:41:09Z,d18ef2e6-ef40-324c-be54-34a5ee865625,,Spouse,Mrs. Bogan287
e6a30d2a-f7d5-dc35-0fcc-cd4f3205986f,aee3e38d-d7a8-7377-4b0e-3b7ba6512100,2022-04-18T22:16:14Z,2023-04-24T22:16:14Z,b046940f-1664-3047-bca7-dfa76be352a4,,Spouse,Mrs. Johnston597
e6a30d2a-f7d5-dc35-0fcc-cd4f3205986f,dc3579d3-c948-6731-e8a3-d1c98675f50b,2023-04-24T22:16:14Z,2024-04-22T22:16:14Z,b046940f-1664-3047-bca7-dfa76be352a4,,Spouse,Mrs. Johnston597
e6a30d2a-f7d5-dc35-0fcc-cd4f3205986f,0bb58858-a9cc-d093-0ccc-eec0979cbfd7,2024-04-22T22:16:14Z,2025-04-21T22:16:14Z,b046940f-1664-3047-bca7-dfa76be352a4,,Spouse,Mrs. Johnston597
e6a30d2a-f7d5-dc35-0fcc-cd4f3205986f,7c43798c-9457-f54f-5b21-f1d4ae885665,2025-04-21T22:16:14Z,2026-04-18T22:16:14Z,b046940f-1664-3047-bca7-dfa76be352a4,,Self,Damien170 Johnston597
502ce0d5-72bd-eb71-9fe1-e6e201dbc599,04e655bf-22b5-e4b1-8757-0cc45a4e580c,2022-05-26T21:11:04Z,2023-05-25T21:11:04Z,df166300-5a78-3502-a46a-832842197811,,Self,Deandre599 Klein929
502ce0d5-72bd-eb71-9fe1-e6e201dbc599,9124055a-e022-7170-3105-49680def242f,2023-05-25T21:11:04Z,2024-05-30T21:11:04Z,df166300-5a78-3502-a46a-832842197811,,Self,Deandre599 Klein929
502ce0d5-72bd-eb71-9fe1-e6e201dbc599,e77c4bd1-47fb-6358-2d43-9ed0482df412,2024-05-30T21:11:04Z,2025-05-29T21:11:04Z,df166300-5a78-3502-a46a-832842197811,,Self,Deandre599 Klein929
502ce0d5-72bd-eb71-9fe1-e6e201dbc599,4a6a91d6-7037-a285-42b7-b432ea290bd1,2025-05-29T21:11:04Z,2026-05-24T21:11:04Z,df166300-5a78-3502-a46a-832842197811,,Self,Deandre599 Klein929
5cd76cd8-e95e-76e5-73ea-04a2704d7cac,d1fdf077-1d38-d71d-6938-92cf0453320e,2022-04-11T15:35:39Z,2023-04-10T15:35:39Z,a735bf55-83e9-331a-899d-a82a60b9f60c,b046940f-1664-3047-bca7-dfa76be352a4,Self,Tim88 Goodwin327
5cd76cd8-e95e-76e5-73ea-04a2704d7cac,415f2248-9eaf-456a-61ba-57f31c0d1ccc,2023-04-10T15:35:39Z,2024-04-15T15:35:39Z,a735bf55-83e9-331a-899d-a82a60b9f60c,b046940f-1664-3047-bca7-dfa76be352a4,Self,Tim88 Goodwin327
5cd76cd8-e95e-76e5-73ea-04a2704d7cac,577a7358-eafa-a0a7-9d1e-88ff9c9c5b3f,2024-04-15T15:35:39Z,2025-04-14T15:35:39Z,a735bf55-83e9-331a-899d-a82a60b9f60c,b046940f-1664-3047-bca7-dfa76be352a4,Self,Tim88 Goodwin327
5cd76cd8-e95e-76e5-73ea-04a2704d7cac,f30a5dd6-10ac-ea6c-cf50-4c9a1e498cbe,2025-04-14T15:35:39Z,2026-04-09T15:35:39Z,a735bf55-83e9-331a-899d-a82a60b9f60c,b046940f-1664-3047-bca7-dfa76be352a4,Self,Tim88 Goodwin327
34b11565-8196-037e-31a5-f297784f97c4,e9acb434-4f69-6729-a966-d5d1bb21a3dd,2022-01-03T14:33:44Z,2023-01-02T14:33:44Z,a735bf55-83e9-331a-899d-a82a60b9f60c,b046940f-1664-3047-bca7-dfa76be352a4,Self,Valentin929 Rogahn59
34b11565-8196-037e-31a5-f297784f97c4,89ad9d54-8379-51df-0b67-adcac0b7e38f,2023-01-02T14:33:44Z,2024-01-08T14:33:44Z,a735bf55-83e9-331a-899d-a82a60b9f60c,b046940f-1664-3047-bca7-dfa76be352a4,Self,Valentin929 Rogahn59
34b11565-8196-037e-31a5-f297784f97c4,652bd081-30c1-2716-cf7f-5605653ceee3,2024-01-08T14:33:44Z,2025-01-06T14:33:44Z,a735bf55-83e9-331a-899d-a82a60b9f60c,b046940f-1664-3047-bca7-dfa76be352a4,Self,Valentin929 Rogahn59
34b11565-8196-037e-31a5-f297784f97c4,a1d9883d-31f1-d198-0e9b-86236b4838a1,2025-01-06T14:33:44Z,2026-01-02T14:33:44Z,a735bf55-83e9-331a-899d-a82a60b9f60c,b046940f-1664-3047-bca7-dfa76be352a4,Self,Valentin929 Rogahn59
586574b6-4b63-980f-0841-96f6a6d9ab54,2df90a2d-66c7-47a2-1591-2e32d36fd777,2022-09-29T06:49:59Z,2023-10-05T06:49:59Z,a735bf55-83e9-331a-899d-a82a60b9f60c,b046940f-1664-3047-bca7-dfa76be352a4,Spouse,Mr. Marquardt819
586574b6-4b63-980f-0841-96f6a6d9ab54,0c6c8e70-bf67-7c1e-d8f9-c7f2443c7a98,2023-10-05T06:49:59Z,2024-09-29T06:49:59Z,a735bf55-83e9-331a-899d-a82a60b9f60c,b046940f-1664-3047-bca7-dfa76be352a4,Spouse,Mr. Marquardt819
b9ebed83-8dae-9185-7b77-7507a2521251,3b05c8bf-726f-69e6-a63c-eba37aeee63d,2022-09-16T03:52:21Z,2023-09-15T03:52:21Z,a735bf55-83e9-331a-899d-a82a60b9f60c,b046940f-1664-3047-bca7-dfa76be352a4,Self,Stephen891 Walker122
b9ebed83-8dae-9185-7b77-7507a2521251,96f89e15-10ec-6b34-fd3a-23479543a2e7,2023-09-15T03:52:21Z,2024-09-13T03:52:21Z,a735bf55-83e9-331a-899d-a82a60b9f60c,b046940f-1664-3047-bca7-dfa76be352a4,Self,Stephen891 Walker122
b9ebed83-8dae-9185-7b77-7507a2521251,74abb7d9-c7b3-c3a3-824c-9a5aca0537fa,2024-09-13T03:52:21Z,2025-09-13T03:52:21Z,a735bf55-83e9-331a-899d-a82a60b9f60c,b046940f-1664-3047-bca7-dfa76be352a4,Self,Stephen891 Walker122
dc1d27df-97ad-7ca8-e354-bb2e448f32e8,,2022-10-12T21:14:47Z,2023-10-11T21:14:47Z,e03e23c9-4df1-3eb6-a62d-f70f02301496,,,
dc1d27df-97ad-7ca8-e354-bb2e448f32e8,,2023-10-11T21:14:47Z,2024-10-09T21:14:47Z,e03e23c9-4df1-3eb6-a62d-f70f02301496,,,
dc1d27df-97ad-7ca8-e354-bb2e448f32e8,,2024-10-09T21:14:47Z,2025-10-09T21:14:47Z,e03e23c9-4df1-3eb6-a62d-f70f02301496,,,
3e4c7a24-8c5d-dc7f-a76f-fbfb8872f16c,c24fc08d-33a0-76e5-fde0-721839548f80,2022-09-10T18:27:26Z,2023-09-09T18:27:26Z,734afbd6-4794-363b-9bc0-6a3981533ed5,,Self,Milan77 Hoppe518
3e4c7a24-8c5d-dc7f-a76f-fbfb8872f16c,d442bf8c-036d-a823-3233-74941f4a5ebc,2023-09-09T18:27:26Z,2024-09-14T18:27:26Z,734afbd6-4794-363b-9bc0-6a3981533ed5,,Self,Milan77 Hoppe518
3e4c7a24-8c5d-dc7f-a76f-fbfb8872f16c,154356eb-0d25-2a25-3cfe-61d7dbc44349,2024-09-14T18:27:26Z,2025-09-09T18:27:26Z,734afbd6-4794-363b-9bc0-6a3981533ed5,,Self,Milan77 Hoppe518
a788d814-e56a-3ba3-2903-c427ef8aa7bb,3e38b229-f941-5056-fe16-4900ad887697,2022-05-27T13:46:11Z,2023-05-26T13:46:11Z,df166300-5a78-3502-a46a-832842197811,,Self,Julio255 Sáenz811
a788d814-e56a-3ba3-2903-c427ef8aa7bb,bf7b4156-bde9-2f96-5547-bbe2bf842df0,2023-05-26T13:46:11Z,2024-05-31T13:46:11Z,df166300-5a78-3502-a46a-832842197811,,Self,Julio255 Sáenz811
a788d814-e56a-3ba3-2903-c427ef8aa7bb,24eaf060-6b5d-7e49-4b2b-28a01f4362a4,2024-05-31T13:46:11Z,2025-05-30T13:46:11Z,df166300-5a78-3502-a46a-832842197811,,Self,Julio255 Sáenz811
a788d814-e56a-3ba3-2903-c427ef8aa7bb,fc540588-cbc6-efe4-3ffd-937fc24e9adb,2025-05-30T13:46:11Z,2026-05-25T13:46:11Z,df166300-5a78-3502-a46a-832842197811,,Self,Julio255 Sáenz811
4799de0a-c6da-6d5d-e254-46801f01acb5,,2022-03-09T00:08:03Z,2023-03-08T00:08:03Z,e03e23c9-4df1-3eb6-a62d-f70f02301496,,,
4799de0a-c6da-6d5d-e254-46801f01acb5,,2023-03-08T00:08:03Z,2024-03-06T00:08:03Z,e03e23c9-4df1-3eb6-a62d-f70f02301496,,,
4799de0a-c6da-6d5d-e254-46801f01acb5,,2024-03-06T00:08:03Z,2025-03-05T00:08:03Z,e03e23c9-4df1-3eb6-a62d-f70f02301496,,,
4799de0a-c6da-6d5d-e254-46801f01acb5,,2025-03-05T00:08:03Z,2026-03-05T00:08:03Z,e03e23c9-4df1-3eb6-a62d-f70f02301496,,,
b0c607f7-2e50-6da0-db5d-ea63c7f41f0c,,2022-10-03T19:42:28Z,2023-10-02T19:42:28Z,e03e23c9-4df1-3eb6-a62d-f70f02301496,,,
b0c607f7-2e50-6da0-db5d-ea63c7f41f0c,,2023-10-02T19:42:28Z,2024-10-07T19:42:28Z,e03e23c9-4df1-3eb6-a62d-f70f02301496,,,
b0c607f7-2e50-6da0-db5d-ea63c7f41f0c,,2024-10-07T19:42:28Z,2025-10-02T19:42:28Z,e03e23c9-4df1-3eb6-a62d-f70f02301496,,,
e84c9797-ab44-a413-f896-a9ffcfa4e044,7b4958c6-c683-6ff6-dc57-b1fdd53bc91a,2022-11-07T20:58:47Z,2023-11-06T20:58:47Z,b046940f-1664-3047-bca7-dfa76be352a4,,Self,Lester513 Sharilyn202 Kreiger457
e84c9797-ab44-a413-f896-a9ffcfa4e044,d16efd03-5e49-17f2-7e5d-a95f5f517cb9,2023-11-06T20:58:47Z,2024-11-04T20:58:47Z,b046940f-1664-3047-bca7-dfa76be352a4,,Self,Lester513 Sharilyn202 Kreiger457
e84c9797-ab44-a413-f896-a9ffcfa4e044,269fa0a8-9cb1-bf9b-f34f-70ebfc0af2c9,2024-11-04T20:58:47Z,2025-11-04T20:58:47Z,b046940f-1664-3047-bca7-dfa76be352a4,,Self,Lester513 Sharilyn202 Kreiger457
e64b9e88-ad81-f797-ee6d-30757088d685,cae09599-aa03-e3c1-fb19-d8b8e1197d59,2022-11-12T02:11:20Z,2023-11-11T02:11:20Z,a735bf55-83e9-331a-899d-a82a60b9f60c,b046940f-1664-3047-bca7-dfa76be352a4,Self,Evelynn217 Kutch271
e64b9e88-ad81-f797-ee6d-30757088d685,d7086f6b-a330-3e44-4c50-51e6489c01c0,2023-11-11T02:11:20Z,2024-11-09T02:11:20Z,a735bf55-83e9-331a-899d-a82a60b9f60c,b046940f-1664-3047-bca7-dfa76be352a4,Self,Evelynn217 Kutch271
e64b9e88-ad81-f797-ee6d-30757088d685,39101a4c-85d8-4b5d-563b-99505f5a4cea,2024-11-09T02:11:20Z,2025-11-06T02:11:20Z,a735bf55-83e9-331a-899d-a82a60b9f60c,b046940f-1664-3047-bca7-dfa76be352a4,Self,Evelynn217 Kutch271
32009df0-c13d-42d0-730e-9947f00d8dc8,5817e2f6-6ceb-d6af-9812-c25d5b0e07e7,2022-10-16T18:28:16Z,2023-10-15T18:28:16Z,734afbd6-4794-363b-9bc0-6a3981533ed5,,Self,Piedad413 Kohler843
32009df0-c13d-42d0-730e-9947f00d8dc8,fcdbc830-5b76-791b-061c-51f8b3adab2e,2023-10-15T18:28:16Z,2024-10-20T18:28:16Z,734afbd6-4794-363b-9bc0-6a3981533ed5,,Self,Piedad413 Kohler843
32009df0-c13d-42d0-730e-9947f00d8dc8,42f723cc-ccfa-f8ea-d8bd-b637b7831476,2024-10-20T18:28:16Z,2025-10-14T18:28:16Z,734afbd6-4794-363b-9bc0-6a3981533ed5,,Self,Piedad413 Kohler843
2ed78a4a-916f-016f-39f8-e426de5abd0f,1c10bcf9-b480-ab2e-ff3c-b5b897299749,2022-01-11T20:40:35Z,2023-01-17T20:40:35Z,0133f751-9229-3cfd-815f-b6d4979bdd6a,,Self,Owen89 Champlin946
2ed78a4a-916f-016f-39f8-e426de5abd0f,31356f13-06de-832d-bd35-97b73c5794a9,2023-01-17T20:40:35Z,2024-01-16T20:40:35Z,0133f751-9229-3cfd-815f-b6d4979bdd6a,,Self,Owen89 Champlin946
2ed78a4a-916f-016f-39f8-e426de5abd0f,7be0d8bd-65c0-b606-b485-e2747d736480,2024-01-16T20:40:35Z,2025-01-14T20:40:35Z,0133f751-9229-3cfd-815f-b6d4979bdd6a,,Self,Owen89 Champlin946
2ed78a4a-916f-016f-39f8-e426de5abd0f,d86bf82b-c940-8d94-8309-b5fb23777103,2025-01-14T20:40:35Z,2026-01-11T20:40:35Z,8fa6c185-e44e-3e34-8bd8-39be8694f4ce,,Self,Owen89 Champlin946
9861b5bd-46f6-ecf5-c3aa-05e66e43b3ec,d94fdfe9-de7c-1037-ef86-cdd14a2c1caf,2022-12-13T10:55:54Z,2023-12-12T10:55:54Z,0133f751-9229-3cfd-815f-b6d4979bdd6a,,Self,Jamie386 Bartoletti50
9861b5bd-46f6-ecf5-c3aa-05e66e43b3ec,64d7769b-bb78-048f-8151-fdcd9e9d7077,2023-12-12T10:55:54Z,2024-12-17T10:55:54Z,0133f751-9229-3cfd-815f-b6d4979bdd6a,,Self,Jamie386 Bartoletti50
9861b5bd-46f6-ecf5-c3aa-05e66e43b3ec,df78a707-6d79-0ac6-6172-f1768f9cf9de,2024-12-17T10:55:54Z,2025-12-11T10:55:54Z,0133f751-9229-3cfd-815f-b6d4979bdd6a,,Self,Jamie386 Bartoletti50
41e6057d-3044-cfed-d650-f237d8b5d17d,2e879594-a48b-0d78-a720-30d443ec8645,2022-09-29T06:49:59Z,2023-10-05T06:49:59Z,8fa6c185-e44e-3e34-8bd8-39be8694f4ce,,Self,Nakia544 Quigley282
41e6057d-3044-cfed-d650-f237d8b5d17d,ab20ecea-c85b-5edd-701c-3ca21fbdc0e2,2023-10-05T06:49:59Z,2024-10-03T06:49:59Z,8fa6c185-e44e-3e34-8bd8-39be8694f4ce,,Self,Nakia544 Quigley282
41e6057d-3044-cfed-d650-f237d8b5d17d,dece6c6a-4ae6-d451-476e-b2e6d20ba56c,2024-10-03T06:49:59Z,2025-09-29T06:49:59Z,8fa6c185-e44e-3e34-8bd8-39be8694f4ce,,Self,Nakia544 Quigley282
0e5c025c-77f8-ce41-bb53-d5027f34510f,6036d7c2-5314-b109-82f1-3e944190b8d3,2022-06-19T12:07:15Z,2023-06-18T12:07:15Z,df166300-5a78-3502-a46a-832842197811,,Self,Lucille738 Gerri75 Jakubowski832
0e5c025c-77f8-ce41-bb53-d5027f34510f,71f16d77-f875-b1a9-9a8e-cd5fb433049f,2023-06-18T12:07:15Z,2024-06-16T12:07:15Z,df166300-5a78-3502-a46a-832842197811,,Self,Lucille738 Gerri75 Jakubowski832
0e5c025c-77f8-ce41-bb53-d5027f34510f,c0ef0bc5-7647-5563-6525-c9ed4fb542d2,2024-06-16T12:07:15Z,2025-06-16T12:07:15Z,df166300-5a78-3502-a46a-832842197811,,Self,Lucille738 Gerri75 Jakubowski832
8c84fcf6-6c5b-36e8-7ade-25a3786ea059,51343c13-60c3-3560-43ed-ffb11c071ed3,2022-01-31T15:43:06Z,2023-02-06T15:43:06Z,df166300-5a78-3502-a46a-832842197811,,Self,Joan322 Lavonda853 Mohr916
8c84fcf6-6c5b-36e8-7ade-25a3786ea059,1b3af9b7-454b-0ddf-b639-c87b725ab9af,2023-02-06T15:43:06Z,2024-02-05T15:43:06Z,df166300-5a78-3502-a46a-832842197811,,Spouse,Mrs. Mohr916
8c84fcf6-6c5b-36e8-7ade-25a3786ea059,04d5550e-70b2-218f-004e-06d6f1ea003b,2024-02-05T15:43:06Z,2025-02-03T15:43:06Z,df166300-5a78-3502-a46a-832842197811,,Spouse,Mrs. Mohr916
8c84fcf6-6c5b-36e8-7ade-25a3786ea059,20869d12-3bfe-887d-f74d-333f3c13e57a,2025-02-03T15:43:06Z,2026-01-31T15:43:06Z,df166300-5a78-3502-a46a-832842197811,,Self,Joan322 Lavonda853 Mohr916
6b19f3d0-148f-481f-6d54-7dcce1981a67,,2022-05-18T08:09:36Z,2023-05-17T08:09:36Z,e03e23c9-4df1-3eb6-a62d-f70f02301496,,,
6b19f3d0-148f-481f-6d54-7dcce1981a67,,2023-05-17T08:09:36Z,2024-05-15T08:09:36Z,e03e23c9-4df1-3eb6-a62d-f70f02301496,,,
6b19f3d0-148f-481f-6d54-7dcce1981a67,,2024-05-15T08:09:36Z,2025-05-14T08:09:36Z,e03e23c9-4df1-3eb6-a62d-f70f02301496,,,
6b19f3d0-148f-481f-6d54-7dcce1981a67,,2025-05-14T08:09:36Z,2026-05-14T08:09:36Z,e03e23c9-4df1-3eb6-a62d-f70f02301496,,,
4ee1b787-29bd-9db5-41d7-8d5ffd280da4,192ce899-64ab-ca5f-8324-1d98b76775ba,2022-01-18T11:28:11Z,2023-01-17T11:28:11Z,a735bf55-83e9-331a-899d-a82a60b9f60c,,Self,Tashina114 Melody728 Bartoletti50
4ee1b787-29bd-9db5-41d7-8d5ffd280da4,b091424c-872a-0564-80fa-9ae2dccc25b7,2023-01-17T11:28:11Z,2024-01-14T11:28:11Z,a735bf55-83e9-331a-899d-a82a60b9f60c,,Spouse,Mr. Bartoletti50
50c38405-ec66-8c38-5511-cb45030599bd,3b9a7cf7-5fa2-2b07-dcc2-52da1e3cde6c,2022-10-20T16:03:12Z,2023-10-19T16:03:12Z,8fa6c185-e44e-3e34-8bd8-39be8694f4ce,,Self,Basil991 Gibson10
50c38405-ec66-8c38-5511-cb45030599bd,d85c34b3-a22e-4c06-58f7-5edae6efaf0a,2023-10-19T16:03:12Z,2024-10-24T16:03:12Z,8fa6c185-e44e-3e34-8bd8-39be8694f4ce,,Self,Basil991 Gibson10
50c38405-ec66-8c38-5511-cb45030599bd,0ba95115-a259-ba78-01f0-32406eebc027,2024-10-24T16:03:12Z,2025-10-18T16:03:12Z,8fa6c185-e44e-3e34-8bd8-39be8694f4ce,,Self,Basil991 Gibson10
7d8b508f-30d1-0038-cb97-c0929e59a699,,2022-03-22T01:07:51Z,2023-03-21T01:07:51Z,e03e23c9-4df1-3eb6-a62d-f70f02301496,,,
7d8b508f-30d1-0038-cb97-c0929e59a699,,2023-03-21T01:07:51Z,2024-03-19T01:07:51Z,e03e23c9-4df1-3eb6-a62d-f70f02301496,,,
7d8b508f-30d1-0038-cb97-c0929e59a699,,2024-03-19T01:07:51Z,2025-03-18T01:07:51Z,e03e23c9-4df1-3eb6-a62d-f70f02301496,,,
7d8b508f-30d1-0038-cb97-c0929e59a699,,2025-03-18T01:07:51Z,2026-03-17T01:07:51Z,e03e23c9-4df1-3eb6-a62d-f70f02301496,,,
3de16bed-e01b-d556-cfc6-12d63412f091,27f569c3-99cc-a762-cc7c-e47fd4bb4f23,2022-05-16T08:43:08Z,2023-05-15T08:43:08Z,26aab0cd-6aba-3e1b-ac5b-05c8867e762c,,Guardian,Abram53 Bergnaum523
3de16bed-e01b-d556-cfc6-12d63412f091,27f569c3-99cc-a762-cc7c-e47fd4bb4f23,2023-05-15T08:43:08Z,2024-05-20T08:43:08Z,26aab0cd-6aba-3e1b-ac5b-05c8867e762c,,Guardian,Abram53 Bergnaum523
3de16bed-e01b-d556-cfc6-12d63412f091,27f569c3-99cc-a762-cc7c-e47fd4bb4f23,2024-05-20T08:43:08Z,2025-05-19T08:43:08Z,26aab0cd-6aba-3e1b-ac5b-05c8867e762c,,Guardian,Abram53 Bergnaum523
3de16bed-e01b-d556-cfc6-12d63412f091,27f569c3-99cc-a762-cc7c-e47fd4bb4f23,2025-05-19T08:43:08Z,2026-05-14T08:43:08Z,26aab0cd-6aba-3e1b-ac5b-05c8867e762c,,Guardian,Abram53 Bergnaum523
cc531ab5-896d-02d2-1c25-638aa09cd4cf,6b71260c-0cd1-ecdb-b85b-28425f97245e,2022-11-13T11:43:11Z,2023-11-12T11:43:11Z,a735bf55-83e9-331a-899d-a82a60b9f60c,b046940f-1664-3047-bca7-dfa76be352a4,Self,Catrice481 Shemeka786 Larson43
cc531ab5-896d-02d2-1c25-638aa09cd4cf,81a3f740-f08b-1557-6f75-496b9f8a0b28,2023-11-12T11:43:11Z,2024-11-17T11:43:11Z,a735bf55-83e9-331a-899d-a82a60b9f60c,b046940f-1664-3047-bca7-dfa76be352a4,Self,Catrice481 Shemeka786 Larson43
cc531ab5-896d-02d2-1c25-638aa09cd4cf,80e389ce-f6e0-95b0-3264-233cd2d74916,2024-11-17T11:43:11Z,2025-11-11T11:43:11Z,a735bf55-83e9-331a-899d-a82a60b9f60c,b046940f-1664-3047-bca7-dfa76be352a4,Self,Catrice481 Shemeka786 Larson43
44ad2706-ba08-c027-d788-f4b6bc8a47e8,3268d6a1-bce9-4108-9035-fdad5508d7da,2022-02-04T21:43:13Z,2023-02-03T21:43:13Z,0133f751-9229-3cfd-815f-b6d4979bdd6a,,Self,Yolanda648 Terán294
44ad2706-ba08-c027-d788-f4b6bc8a47e8,d1c301fd-4cde-3157-9835-76ee0d86fc4f,2023-02-03T21:43:13Z,2024-02-02T21:43:13Z,0133f751-9229-3cfd-815f-b6d4979bdd6a,,Self,Yolanda648 Terán294
44ad2706-ba08-c027-d788-f4b6bc8a47e8,0871ab7f-d4e3-74aa-f7fc-e7126ffa1f39,2024-02-02T21:43:13Z,2025-01-31T21:43:13Z,0133f751-9229-3cfd-815f-b6d4979bdd6a,,Spouse,Mr. Terán294
44ad2706-ba08-c027-d788-f4b6bc8a47e8,a8814234-52eb-4fd8-1cc0-789470436655,2025-01-31T21:43:13Z,2026-01-29T21:43:13Z,0133f751-9229-3cfd-815f-b6d4979bdd6a,,Self,Yolanda648 Terán294
a6522df0-b5c7-fad0-2a00-c0e8a59989ce,e6d9b30a-87c5-5227-774c-bfd4b3e24808,2022-03-13T20:35:49Z,2023-03-12T20:35:49Z,d31fccc3-1767-390d-966a-22a5156f4219,,Guardian,Phil587 Williamson769
a6522df0-b5c7-fad0-2a00-c0e8a59989ce,e6d9b30a-87c5-5227-774c-bfd4b3e24808,2023-03-12T20:35:49Z,2024-03-10T20:35:49Z,d31fccc3-1767-390d-966a-22a5156f4219,,Guardian,Phil587 Williamson769
a6522df0-b5c7-fad0-2a00-c0e8a59989ce,e6d9b30a-87c5-5227-774c-bfd4b3e24808,2024-03-10T20:35:49Z,2025-03-09T20:35:49Z,d31fccc3-1767-390d-966a-22a5156f4219,,Guardian,Phil587 Williamson769
a6522df0-b5c7-fad0-2a00-c0e8a59989ce,e6d9b30a-87c5-5227-774c-bfd4b3e24808,2025-03-09T20:35:49Z,2026-03-09T20:35:49Z,d31fccc3-1767-390d-966a-22a5156f4219,,Guardian,Phil587 Williamson769
a5954588-6f27-1832-b7d5-6ccb7560c55f,ca502681-21c9-586c-01fc-442f033ca396,2022-03-15T01:39:12Z,2023-03-14T01:39:12Z,d31fccc3-1767-390d-966a-22a5156f4219,,Guardian,Chu728 Fisher429
a5954588-6f27-1832-b7d5-6ccb7560c55f,ca502681-21c9-586c-01fc-442f033ca396,2023-03-14T01:39:12Z,2024-03-12T01:39:12Z,d31fccc3-1767-390d-966a-22a5156f4219,,Guardian,Chu728 Fisher429
a5954588-6f27-1832-b7d5-6ccb7560c55f,ca502681-21c9-586c-01fc-442f033ca396,2024-03-12T01:39:12Z,2025-03-11T01:39:12Z,d31fccc3-1767-390d-966a-22a5156f4219,,Guardian,Chu728 Fisher429
a5954588-6f27-1832-b7d5-6ccb7560c55f,ca502681-21c9-586c-01fc-442f033ca396,2025-03-11T01:39:12Z,2026-03-10T01:39:12Z,d31fccc3-1767-390d-966a-22a5156f4219,,Guardian,Chu728 Fisher429
b24b5387-b536-d16b-6887-1a84d49e7b7c,8be17b2c-7b12-5fa2-e0b5-d4b7d0f624ea,2022-10-02T15:40:22Z,2023-10-01T15:40:22Z,d18ef2e6-ef40-324c-be54-34a5ee865625,,Self,Fae378 Satterfield305
b24b5387-b536-d16b-6887-1a84d49e7b7c,f986ea79-0a7a-65a6-0936-dcf135eed852,2023-10-01T15:40:22Z,2024-09-29T15:40:22Z,d18ef2e6-ef40-324c-be54-34a5ee865625,,Self,Fae378 Satterfield305
b24b5387-b536-d16b-6887-1a84d49e7b7c,632fd436-2c72-a9a4-63b5-7f18ee3df9ed,2024-09-29T15:40:22Z,2025-09-26T16:40:22Z,d18ef2e6-ef40-324c-be54-34a5ee865625,,Self,Fae378 Satterfield305
265f4f95-652a-261a-e135-6c0b9a3e7a02,0ca48570-930c-c2a6-b182-c260cb522906,2022-11-16T18:34:00Z,2023-11-22T18:34:00Z,a735bf55-83e9-331a-899d-a82a60b9f60c,b046940f-1664-3047-bca7-dfa76be352a4,Self,Tobias236 Hackett68
265f4f95-652a-261a-e135-6c0b9a3e7a02,787fe301-ee94-f625-7932-4385b2b4fcd4,2023-11-22T18:34:00Z,2024-11-20T18:34:00Z,a735bf55-83e9-331a-899d-a82a60b9f60c,b046940f-1664-3047-bca7-dfa76be352a4,Self,Tobias236 Hackett68
265f4f95-652a-261a-e135-6c0b9a3e7a02,d1494067-22ad-ddf5-161b-133961901f52,2024-11-20T18:34:00Z,2025-11-16T18:34:00Z,a735bf55-83e9-331a-899d-a82a60b9f60c,b046940f-1664-3047-bca7-dfa76be352a4,Spouse,Mrs. Hackett68
cdfc4483-f427-1428-fe84-cf3be5756f1f,a3025e98-03c0-080b-2efa-d903b88c197e,2022-10-20T23:34:40Z,2023-10-19T23:34:40Z,d31fccc3-1767-390d-966a-22a5156f4219,,Self,Delilah659 Stroman228
cdfc4483-f427-1428-fe84-cf3be5756f1f,d22193b8-f275-4d4d-6d29-47428eff197d,2023-10-19T23:34:40Z,2024-10-17T23:34:40Z,d31fccc3-1767-390d-966a-22a5156f4219,,Self,Delilah659 Stroman228
cdfc4483-f427-1428-fe84-cf3be5756f1f,d1329cd3-bd88-2200-4c3a-58c1bfd7f08e,2024-10-17T23:34:40Z,2025-10-17T23:34:40Z,d31fccc3-1767-390d-966a-22a5156f4219,,Self,Delilah659 Stroman228
521112df-f180-a758-5a73-5371bc1f86c5,45354ec4-e6e9-ae44-88ce-122151c1ae4a,2022-02-03T09:46:16Z,2023-02-02T09:46:16Z,d31fccc3-1767-390d-966a-22a5156f4219,,Guardian,Demetra94 Conroy74
521112df-f180-a758-5a73-5371bc1f86c5,45354ec4-e6e9-ae44-88ce-122151c1ae4a,2023-02-02T09:46:16Z,2024-02-01T09:46:16Z,d31fccc3-1767-390d-966a-22a5156f4219,,Guardian,Demetra94 Conroy74
521112df-f180-a758-5a73-5371bc1f86c5,45354ec4-e6e9-ae44-88ce-122151c1ae4a,2024-02-01T09:46:16Z,2025-01-30T09:46:16Z,d31fccc3-1767-390d-966a-22a5156f4219,,Guardian,Demetra94 Conroy74
521112df-f180-a758-5a73-5371bc1f86c5,45354ec4-e6e9-ae44-88ce-122151c1ae4a,2025-01-30T09:46:16Z,2026-01-28T09:46:16Z,d31fccc3-1767-390d-966a-22a5156f4219,,Guardian,Demetra94 Conroy74
c877b107-a78d-037a-c894-b4768443314c,cf66c89e-40f8-f81e-2c23-74b133ade816,2022-01-18T11:28:11Z,2023-01-17T11:28:11Z,df166300-5a78-3502-a46a-832842197811,,Self,Malinda718 Goldner995
c877b107-a78d-037a-c894-b4768443314c,9626ca65-5eec-5415-4c15-f716c4f973a1,2023-01-17T11:28:11Z,2024-01-16T11:28:11Z,0133f751-9229-3cfd-815f-b6d4979bdd6a,,Self,Malinda718 Goldner995
c877b107-a78d-037a-c894-b4768443314c,9c7ad49c-c663-c033-3749-02f5fae68ebd,2024-01-16T11:28:11Z,2025-01-14T11:28:11Z,0133f751-9229-3cfd-815f-b6d4979bdd6a,,Self,Malinda718 Goldner995
c877b107-a78d-037a-c894-b4768443314c,52cc354a-13bd-6c3e-ad20-5799781913d4,2025-01-14T11:28:11Z,2026-01-14T11:28:11Z,0133f751-9229-3cfd-815f-b6d4979bdd6a,,Self,Malinda718 Goldner995
060f8cbf-a90f-4096-793b-a11e40a3cbd8,03373048-dcf4-7721-4dec-ecd9a8e6ee38,2022-08-28T05:29:35Z,2023-08-22T05:29:35Z,26aab0cd-6aba-3e1b-ac5b-05c8867e762c,,Spouse,Mrs. Runolfsson901
670ed32d-9d4b-3c5d-413c-9909b7251bbc,ce51c4a4-126f-96c7-42c6-bbbb672dd53d,2022-08-16T02:44:02Z,2023-08-15T02:44:02Z,df166300-5a78-3502-a46a-832842197811,,Self,Donna446 Jacobson885
670ed32d-9d4b-3c5d-413c-9909b7251bbc,b93564b5-07d5-8fbe-8c6b-3980b41a15c4,2023-08-15T02:44:02Z,2024-08-13T02:44:02Z,df166300-5a78-3502-a46a-832842197811,,Self,Donna446 Jacobson885
670ed32d-9d4b-3c5d-413c-9909b7251bbc,f6fed989-d589-08b6-1539-8fdc3d43743b,2024-08-13T02:44:02Z,2025-08-13T02:44:02Z,df166300-5a78-3502-a46a-832842197811,,Self,Donna446 Jacobson885
8e479203-4702-ece1-e7a3-53dbf797f75d,84e34566-73b3-8ff7-f972-d2ae40ea4913,2022-12-24T04:49:16Z,2023-12-23T04:49:16Z,a735bf55-83e9-331a-899d-a82a60b9f60c,b046940f-1664-3047-bca7-dfa76be352a4,Self,Korey682 Boyer713
8e479203-4702-ece1-e7a3-53dbf797f75d,af7bcfe9-d6d4-c759-87c8-0f3e63117444,2023-12-23T04:49:16Z,2024-12-21T04:49:16Z,a735bf55-83e9-331a-899d-a82a60b9f60c,,Self,Korey682 Boyer713
8e479203-4702-ece1-e7a3-53dbf797f75d,4346471f-491c-df95-ece0-4e3cb0cbf060,2024-12-21T04:49:16Z,2025-12-19T04:49:16Z,a735bf55-83e9-331a-899d-a82a60b9f60c,b046940f-1664-3047-bca7-dfa76be352a4,Self,Korey682 Boyer713
c9146e20-5dfe-2efe-6261-ac664864645b,cb1fc132-396b-ddaf-df4b-b9ba1a3d2cab,2022-05-30T00:14:33Z,2023-05-29T00:14:33Z,26aab0cd-6aba-3e1b-ac5b-05c8867e762c,,Guardian,Reggie481 Doyle959
c9146e20-5dfe-2efe-6261-ac664864645b,cb1fc132-396b-ddaf-df4b-b9ba1a3d2cab,2023-05-29T00:14:33Z,2024-05-27T00:14:33Z,26aab0cd-6aba-3e1b-ac5b-05c8867e762c,,Guardian,Reggie481 Doyle959
c9146e20-5dfe-2efe-6261-ac664864645b,cb1fc132-396b-ddaf-df4b-b9ba1a3d2cab,2024-05-27T00:14:33Z,2025-05-26T00:14:33Z,26aab0cd-6aba-3e1b-ac5b-05c8867e762c,,Guardian,Reggie481 Doyle959
c9146e20-5dfe-2efe-6261-ac664864645b,cb1fc132-396b-ddaf-df4b-b9ba1a3d2cab,2025-05-26T00:14:33Z,2026-05-25T00:14:33Z,26aab0cd-6aba-3e1b-ac5b-05c8867e762c,,Guardian,Reggie481 Doyle959
455f45bd-d0f7-2464-b1d3-91540cf94a2b,4c6b0c0b-a82d-f998-8f69-77daadbe96ad,2022-09-14T06:21:34Z,2023-09-13T06:21:34Z,0133f751-9229-3cfd-815f-b6d4979bdd6a,,Spouse,Mr. Koch169
455f45bd-d0f7-2464-b1d3-91540cf94a2b,754f6ffe-ddf5-1643-f7cb-f851528e5d44,2023-09-13T06:21:34Z,2024-09-18T06:21:34Z,0133f751-9229-3cfd-815f-b6d4979bdd6a,,Spouse,Mr. Koch169
455f45bd-d0f7-2464-b1d3-91540cf94a2b,688c3905-0117-f456-ff9c-15b9f815e248,2024-09-18T06:21:34Z,2025-09-13T06:21:34Z,0133f751-9229-3cfd-815f-b6d4979bdd6a,,Self,Maurita219 Nanette893 Koch169
a672d0aa-7698-9f10-38f8-8deda5ceb394,a56839a5-4c8e-d97e-dc94-278e7d089200,2022-10-10T06:16:46Z,2023-10-16T06:16:46Z,df166300-5a78-3502-a46a-832842197811,,Self,Margarette462 McCullough561
a672d0aa-7698-9f10-38f8-8deda5ceb394,9a5b5dbe-53ee-9883-60fd-c81e9157b4df,2023-10-16T06:16:46Z,2024-10-14T06:16:46Z,df166300-5a78-3502-a46a-832842197811,,Self,Margarette462 Precious140 O'Keefe54
a672d0aa-7698-9f10-38f8-8deda5ceb394,f6369b07-08dd-6360-1f97-1058b102b8f7,2024-10-14T06:16:46Z,2025-10-10T06:16:46Z,df166300-5a78-3502-a46a-832842197811,,Spouse,Mr. O'Keefe54
d7149624-0c45-9dea-d5df-275a4da80714,ea1da756-c850-9dbc-e5c9-bf67640444a9,2022-03-01T19:40:11Z,2023-02-28T19:40:11Z,26aab0cd-6aba-3e1b-ac5b-05c8867e762c,,Self,Nelly786 Berge125
d7149624-0c45-9dea-d5df-275a4da80714,4edf8257-b565-b649-feb6-637b8e8b59f7,2023-02-28T19:40:11Z,2024-02-27T19:40:11Z,26aab0cd-6aba-3e1b-ac5b-05c8867e762c,,Self,Nelly786 Berge125
d7149624-0c45-9dea-d5df-275a4da80714,8259ef5e-c6f1-842e-30ed-6f0a5e9aa727,2024-02-27T19:40:11Z,2025-02-25T19:40:11Z,26aab0cd-6aba-3e1b-ac5b-05c8867e762c,,Self,Nelly786 Berge125
d7149624-0c45-9dea-d5df-275a4da80714,024f48bc-8cb1-18e5-f6e5-202569bb6e0e,2025-02-25T19:40:11Z,2026-02-23T19:40:11Z,26aab0cd-6aba-3e1b-ac5b-05c8867e762c,,Self,Nelly786 Berge125
951e4d04-eca9-39c7-3692-64860fb9c7c9,217005f7-0194-ca6c-c742-54b6984924a1,2022-12-24T16:15:49Z,2023-12-23T16:15:49Z,a735bf55-83e9-331a-899d-a82a60b9f60c,b046940f-1664-3047-bca7-dfa76be352a4,Self,Pedro316 Gutmann970
951e4d04-eca9-39c7-3692-64860fb9c7c9,a8f4a09d-63a4-e843-eaa9-2f6cc7e47408,2023-12-23T16:15:49Z,2024-12-28T16:15:49Z,a735bf55-83e9-331a-899d-a82a60b9f60c,b046940f-1664-3047-bca7-dfa76be352a4,Self,Pedro316 Gutmann970
951e4d04-eca9-39c7-3692-64860fb9c7c9,70c570fa-17f7-76ac-c88a-71ae2213afff,2024-12-28T16:15:49Z,2025-12-22T16:15:49Z,a735bf55-83e9-331a-899d-a82a60b9f60c,b046940f-1664-3047-bca7-dfa76be352a4,Self,Pedro316 Gutmann970
e6373e7f-5ad1-f56e-62f1-28c6fa33d477,c2eca53d-7cac-d110-0f4f-f3c096c1dfb9,2022-08-30T16:36:03Z,2023-08-29T16:36:03Z,d31fccc3-1767-390d-966a-22a5156f4219,,Self,Daphine453 Karan473 Mosciski958
e6373e7f-5ad1-f56e-62f1-28c6fa33d477,0898c1bf-ce67-1bc3-cf7a-151a37a569a9,2023-08-29T16:36:03Z,2024-08-27T16:36:03Z,d31fccc3-1767-390d-966a-22a5156f4219,,Spouse,Mr. Mosciski958
e6373e7f-5ad1-f56e-62f1-28c6fa33d477,e472634a-fbb7-a15e-f3d4-d049a3160fa7,2024-08-27T16:36:03Z,2025-08-26T16:36:03Z,d31fccc3-1767-390d-966a-22a5156f4219,,Spouse,Mr. Mosciski958
7f97c463-e594-42a6-d856-1baa102aecab,01feea54-45a7-425f-a452-7f8ab5b98aac,2022-08-28T05:29:35Z,2023-08-27T05:29:35Z,b046940f-1664-3047-bca7-dfa76be352a4,,Spouse,Mrs. Cremin516
7f97c463-e594-42a6-d856-1baa102aecab,a0ee3322-6b0b-4f24-ad66-8f190d8514b2,2023-08-27T05:29:35Z,2024-08-25T05:29:35Z,b046940f-1664-3047-bca7-dfa76be352a4,,Spouse,Mrs. Cremin516
7f97c463-e594-42a6-d856-1baa102aecab,91dcb995-43b6-56ee-99ec-715f5a9dd288,2024-08-25T05:29:35Z,2025-08-22T05:29:35Z,b046940f-1664-3047-bca7-dfa76be352a4,,Spouse,Mrs. Cremin516
07c3242f-44ff-30d8-68fc-faf02ecee06a,c8c20718-6f65-5a0d-77c9-4b8620cd4cdc,2022-04-08T14:55:01Z,2023-04-07T14:55:01Z,b046940f-1664-3047-bca7-dfa76be352a4,,Spouse,Mr. Nikolaus26
07c3242f-44ff-30d8-68fc-faf02ecee06a,1dada8a4-e1bc-7b83-f395-99f04883eb7e,2023-04-07T14:55:01Z,2024-04-05T14:55:01Z,b046940f-1664-3047-bca7-dfa76be352a4,,Self,Staci390 Marin763 Nikolaus26
07c3242f-44ff-30d8-68fc-faf02ecee06a,b274d1a5-6628-034e-70f5-e82bfc810c3e,2024-04-05T14:55:01Z,2025-04-04T14:55:01Z,b046940f-1664-3047-bca7-dfa76be352a4,,Spouse,Mr. Nikolaus26
07c3242f-44ff-30d8-68fc-faf02ecee06a,df2de9a2-8aa5-2b31-0085-e198909e14dd,2025-04-04T14:55:01Z,2026-04-02T14:55:01Z,b046940f-1664-3047-bca7-dfa76be352a4,,Spouse,Mr. Nikolaus26
64d3d6c8-74e1-65c6-f9d2-87b5c30da892,e0b8f623-1751-cfb2-a72e-4e5405602ac2,2022-05-09T09:52:31Z,2023-05-08T09:52:31Z,a735bf55-83e9-331a-899d-a82a60b9f60c,b046940f-1664-3047-bca7-dfa76be352a4,Self,Marvin195 Halvorson124
64d3d6c8-74e1-65c6-f9d2-87b5c30da892,7763f5e6-05ac-d581-7837-efa7b9bbc959,2023-05-08T09:52:31Z,2024-05-06T09:52:31Z,a735bf55-83e9-331a-899d-a82a60b9f60c,b046940f-1664-3047-bca7-dfa76be352a4,Self,Marvin195 Halvorson124
64d3d6c8-74e1-65c6-f9d2-87b5c30da892,b5b0a148-ff70-d871-cbcd-8148d9d79d9d,2024-05-06T09:52:31Z,2025-05-05T09:52:31Z,a735bf55-83e9-331a-899d-a82a60b9f60c,b046940f-1664-3047-bca7-dfa76be352a4,Self,Marvin195 Halvorson124
64d3d6c8-74e1-65c6-f9d2-87b5c30da892,23755c72-a8bf-1e0a-b7ff-efe3c9d7b9f0,2025-05-05T09:52:31Z,2026-05-04T09:52:31Z,a735bf55-83e9-331a-899d-a82a60b9f60c,b046940f-1664-3047-bca7-dfa76be352a4,Self,Marvin195 Halvorson124
228780df-c048-6273-8147-8bcaf54f15bf,,2022-06-28T06:29:17Z,2023-06-27T06:29:17Z,e03e23c9-4df1-3eb6-a62d-f70f02301496,,,
228780df-c048-6273-8147-8bcaf54f15bf,,2023-06-27T06:29:17Z,2024-07-02T06:29:17Z,e03e23c9-4df1-3eb6-a62d-f70f02301496,,,
228780df-c048-6273-8147-8bcaf54f15bf,,2024-07-02T06:29:17Z,2025-06-27T06:29:17Z,e03e23c9-4df1-3eb6-a62d-f70f02301496,,,
