Id,NAME,OWNERSHIP,ADDRESS,CITY,STATE_HEADQUARTERED,ZIP,PHONE,AMOUNT_COVERED,AMOUNT_UNCOVERED,REVENUE,COVERED_ENCOUNTERS,UNCOVERED_ENCOUNTERS,COVERED_MEDICATIONS,UNCOVERED_MEDICATIONS,COVERED_PROCEDURES,UNCOVERED_PROCEDURES,COVERED_IMMUNIZATIONS,UNCOVERED_IMMUNIZATIONS,UNIQUE_CUSTOMERS,QOLS_AVG,MEMBER_MONTHS
a735bf55-83e9-331a-899d-a82a60b9f60c,Medicare,GOVERNMENT,,,,,,6369794.78,208818.47,813078.00,2867,0,2881,0,3584,0,516,0,32,0.6839876531081872,4956
df166300-5a78-3502-a46a-832842197811,Medicaid,GOVERNMENT,,,,,,18193779.30,356247.71,139270.00,4352,0,1704,0,6524,0,1352,0,57,0.8883982750092506,14100
d18ef2e6-ef40-324c-be54-34a5ee865625,Dual Eligible,GOVERNMENT,,,,,,5044831.22,36481.74,19990.00,659,0,956,0,1484,0,179,0,13,0.7025927028034399,2052
26aab0cd-6aba-3e1b-ac5b-05c8867e762c,Humana,PRIVATE,,,,,,5632690.02,2057139.84,2168622.00,1502,0,378,0,2782,0,663,0,18,0.9346329202131574,6432
b046940f-1664-3047-bca7-dfa76be352a4,Blue Cross Blue Shield,PRIVATE,,,,,,7540941.75,1770283.31,3100158.00,1487,0,525,0,2413,0,605,0,40,0.5236375044424658,9744
d31fccc3-1767-390d-966a-22a5156f4219,UnitedHealthcare,PRIVATE,,,,,,3350327.71,614979.77,1560306.00,843,0,281,0,1212,0,461,0,13,0.9228924285392739,3156
0133f751-9229-3cfd-815f-b6d4979bdd6a,Aetna,PRIVATE,,,,,,2377567.00,1014771.44,312642.71,891,0,508,0,1235,0,332,0,21,0.8037088284333888,3180
8fa6c185-e44e-3e34-8bd8-39be8694f4ce,Cigna Health,PRIVATE,,,,,,3154023.86,961919.14,388863.60,926,0,354,0,1281,0,287,0,23,0.7803664220180607,3408
734afbd6-4794-363b-9bc0-6a3981533ed5,Anthem,PRIVATE,,,,,,1781645.86,377734.63,277550.29,952,0,676,0,1054,0,163,0,17,0.8085069570651995,1524
e03e23c9-4df1-3eb6-a62d-f70f02301496,NO_INSURANCE,NO_INSURANCE,,,,,,0.00,11895355.45,0.00,0,4305,0,2007,0,5331,0,1731,49,0.9105408012583229,15372
