Id,ORGANIZATION,NAME,GENDER,SPECIALITY,ADDRESS,CITY,STATE,ZIP,LAT,LON,ENCOUNTERS,PROCEDURES
7fef9bbd-8764-35ce-a29b-e8b41f437cc7,74ab949d-17ac-3309-83a0-13b4405c66aa,Ted955 Reilly981,M,GENERAL PRACTICE,881 Main Street,Fitchburg,MA,01420,42.586487,-71.80521,624,0
0261f3d0-6e8f-3e66-b7ae-2b651b562af5,faffaf6a-ee1a-3673-b0b0-421a9c249244,Jaunita130 Armstrong51,F,GENERAL PRACTICE,66 WASHINGTON ST,STOUGHTON,MA,020722571,42.14415820061801,-71.10378319512402,15,0
79a877b1-c424-3468-9349-afe7927cb09c,17a4bae5-8b64-34d7-8144-b428be027bd0,Olympia319 Ward668,F,GENERAL PRACTICE,512 MAIN STREET  SUITE 211,SHREWSBURY,MA,015456406,42.295109499999995,-71.71808471110307,16,0
c5b7d918-1de5-3a35-b9db-261c467a01ef,e09d4c49-c2ef-3b0f-9a46-3719d9219306,Ronald408 Emard19,F,GENERAL PRACTICE,60 HOSPITAL RD,LEOMINSTER,MA,014533290,42.54031915,-71.76312990486304,162,0
7e7b639e-cc9b-3c7d-af2b-94ac1615f6f1,d2284f74-b6da-3a15-9791-84cdf2db18fb,Donnell534 Mosciski958,M,GENERAL PRACTICE,331 E FALMOUTH HWY,E FALMOUTH,MA,025366039,41.57853245,-70.5617374807812,50,0
384ad550-7671-30bb-960d-11eb988e21b4,5becf220-2978-3f33-bd38-9326947f85de,Tijuana228 Leannon79,F,GENERAL PRACTICE,240 LYNNFIELD STREET,PEABODY,MA,019605055,42.5141736,-70.97106354209534,1,0
5657d55f-7ec5-3811-b595-c6ccbcd74663,2936ca90-6594-357d-be14-53fe0ab84dd1,Daniel959 Ankunding277,M,GENERAL PRACTICE,11 TREMONT ST,KINGSTON,MA,023641231,42.00823215,-70.72984043580247,37,0
e9cd6387-88ef-35c9-992f-713914df1738,ab701a70-a658-340e-8f69-ee196a7d40c6,Jolie499 Parisian75,F,GENERAL PRACTICE,484 RTE 134,WORCESTER,MA,016071728,42.2625621,-71.8018877,63,0
00edfe02-3d2c-31bc-a7c2-e7f09b9d2e8a,71472d9b-aa5c-3b49-a5c3-d0eee8859015,Tyree261 Kutch271,M,GENERAL PRACTICE,118 WATERHOUSE RD STE C,BOURNE,MA,025328305,41.7281115,-70.5861571324252,30,0
2bece0ab-5b39-3eeb-b74f-a324267120cc,8a2e2731-3240-39d1-b4f0-cad14200937d,Carter549 Ritchie586,M,GENERAL PRACTICE,88 WASHINGTON ST,TAUNTON,MA,027802465,41.9062805,-71.09518121351795,22,0
3765fae6-134c-345c-877e-d7ea18e6b005,88e28a1c-aad9-36d0-832b-b579ecb95c3d,Cherish740 Toy286,F,GENERAL PRACTICE,14 MANNING AVENUE,LEOMINSTER,MA,014535768,42.5253035,-71.7584413,61,0
87d88fc7-5d68-395c-9204-75f1fb114995,52ecddd8-42f6-35cc-88a5-cf474c02fb49,Maxima831 Fahey393,F,GENERAL PRACTICE,94 OBERY STREET,PLYMOUTH,MA,023602130,41.93725,-70.65503160208334,44,0
b593c04e-ee24-30d0-be8c-1f88f3bbecec,4bf8af75-4da2-331d-b94e-9975a887face,Gussie514 Mosciski958,F,GENERAL PRACTICE,57 PROSPECT ST,NANTUCKET,MA,025542799,41.27514065,-70.10108985970798,38,0
694db833-f87a-3ff1-b715-8f4616fc799d,667b46fe-0afa-3f70-a311-bbe3d52db050,Mickey576 Borer986,F,GENERAL PRACTICE,757 BOSTON POST RD,WORCESTER,MA,016071728,42.231371,-72.165386,38,0
b803e5cc-f105-3a4a-88b9-ea415eb55382,a4af40b8-0ddb-34bb-ae4a-95a17e9ad6f3,Graciela518 Madrigal893,F,GENERAL PRACTICE,100 MYLES STANDISH BOULEVARD  SUITE 103,TAUNTON,MA,027807340,41.948930849999996,-71.14141318475193,2,0
6f656e46-77ba-3bbc-a311-cce8812a16a5,5fcff9db-16e4-3e56-aa78-abbc16338097,Marcus77 Schamberger479,M,GENERAL PRACTICE,295 VARNUM AVE,WESTFORD,MA,018863513,42.5792583,-71.4378411,157,0
23688c06-9b67-3f3a-9784-bb140f1ba67a,c272e12f-e154-3fee-b05d-b7c0cab2657d,Shasta644 King743,F,GENERAL PRACTICE,800 WASHINGTON ST,NORWOOD,MA,020623487,42.1886973,-71.2005241,172,0
d506663d-ea0c-3237-a854-a0133bb32259,b66db758-a205-3227-9cfb-bf19d2c1962d,Noreen211 Stroman228,F,GENERAL PRACTICE,121 HARVARD AVENUE  2ND FL,ALLSTON,MA,021342702,42.35241825,-71.13220132573996,7,0
a407a545-e6f4-3fe4-9b69-b0154d7048cb,f6a306cf-7bd6-35f4-a6b7-2d07d273914c,Ariel183 Von197,M,GENERAL PRACTICE,63 FOUNTAIN ST STE 402,FRAMINGHAM,MA,017026280,42.27595495,-71.42631150114194,112,0
21f64b62-2746-3d56-b33a-b436caea1829,0ddb0329-b59d-3187-874c-602c649249c8,Lynn917 Cassin499,F,GENERAL PRACTICE,115 W SILVER ST,WESTFIELD,MA,010853678,42.1178811,-72.75935246865802,720,0
933b01df-c9dc-301d-864c-ced0db56f7b3,2cf06ddc-4c55-3c91-98f1-fb0188079c27,Alena861 Rolfson709,F,GENERAL PRACTICE,10 VETERANS MEMORIAL DRIVE,MILFORD,MA,017572900,42.14682295,-71.50153080894427,10,0
fcfc2def-0f0d-3fa2-9bc3-c20bc40ca848,2b84e56e-08b4-3078-b3ea-4d159208e065,Verda448 Bahringer146,F,GENERAL PRACTICE,1029 PLEASANT ST,BRIDGEWATER,MA,023242301,41.9718173,-71.00937893001648,23,0
5f2e3b3f-839d-33ed-becf-586860aa2ff5,05137a62-1a8f-34ff-8baf-a0c35c238ea0,Houston994 Olson653,M,GENERAL PRACTICE,750  ATTUCKS LANE,HYANNIS,MA,026011950,41.676027500000004,-70.29727035,2,0
019e04b9-d447-3ee2-b5af-83ce1968115d,7b9a19b2-d900-3f93-a47b-4b88491fb57b,Francis500 Witting912,M,GENERAL PRACTICE,308 KINGSTOWN WAY,DUXBURY,MA,023324647,42.030389650000004,-70.73959947632582,2,0
cd865a52-b02f-3d16-8bc8-4f450b96e776,4ffa4412-1493-3beb-b8f0-6614dde953a4,Harland508 Ryan260,M,GENERAL PRACTICE,363 HIGHLAND AVENUE,WAREHAM,MA,025715011,41.745636,-70.658192,14,0
c2bba30a-3e7f-308c-a04f-7a3a5f96fdab,ede4a423-6258-3ef5-b5ba-0fa6bb579563,Pablo44 Paucek755,M,GENERAL PRACTICE,326 NICHOLS ROAD,FITCHBURG,MA,014205478,42.5974358,-71.80761197366103,51,0
5916711b-a9bd-32d9-bdab-a0fa06bace0f,a14e698d-a9ba-3eae-9c8b-682ec726433d,Germán350 Dueñas839,M,GENERAL PRACTICE,776 WESTERN AVE,LYNN,MA,019052408,42.466763,-70.9494939,11,0
c7100f9c-f065-3a89-8dd8-81de7c7cdd8a,a247ed53-5f17-3eb5-87be-1d2257fa1579,Jamal145 Weissnat378,M,GENERAL PRACTICE,44 KEYSTONE DR,LEOMINSTER,MA,014531904,42.55144955,-71.74402465363428,2,0
12cfe52e-1790-3dc6-b103-52848fe3bd0f,4c1a8ea6-b690-3c28-a02e-ebd82190ee65,Alejandro916 Quiroz936,M,GENERAL PRACTICE,885 WASHINGTON ST,BOSTON,MA,021111415,42.3479909,-71.064924,16,0
ab681307-90b1-3a40-8f77-3785a5f2ed85,5ba6765a-f335-36b0-9c6a-6bb494c5330d,Clemente531 Schamberger479,M,GENERAL PRACTICE,31 OLD ROUTE 7,WESTWOOD,MA,020902333,42.2139873,-71.2244987,16,0
af22ca25-958a-34ba-a008-6d50f7385673,b6eeaaf7-1683-3bcb-b6ee-81ce304636ef,Zachery872 Pagac496,M,GENERAL PRACTICE,170 GOVERNORS AVE,MELROSE,MA,021763225,42.4564323,-71.064182,713,0
fc4de09e-6d51-34b6-9362-e5310295441f,14932db8-e179-331d-98ad-dc1c352cb6d3,Lora418 Barrows492,F,GENERAL PRACTICE,743 MAIN ST,MELROSE,MA,021762707,42.460108950000006,-71.06216841036309,2,0
e3d85ef0-8f85-3dfc-971c-a1700b2881b4,d613e441-68e8-3502-8adb-3f770a1276bf,Colin861 Witting912,M,GENERAL PRACTICE,114 WATER ST,MILFORD,MA,017573007,42.13661855,-71.53474614336832,32,0
33aabe36-b947-3efb-82fb-01600c92027a,18061fd5-fda8-3e2d-87f0-0f3c87211bcc,Margarite168 Koepp521,F,GENERAL PRACTICE,1493 CAMBRIDGE ST,SOMERVILLE,MA,021431408,42.3875968,-71.0994968,21,0
82d5f5bf-2a2d-3bec-8a02-23aa11be9767,7e97f720-f99d-3402-98a4-a144aaa5bd01,Damian46 Hansen121,M,GENERAL PRACTICE,210 JONES RD,FALMOUTH,MA,025402974,41.5614958,-70.6117407224321,28,0
4e896d9b-0173-325c-a8a8-1a5136918ba5,b3ada130-6443-3a8e-98c7-4ec127a2b0c4,Ned189 Haley279,M,GENERAL PRACTICE,ONE GREAT ROAD,ACTON,MA,017205601,42.4850931,-71.43284,21,0
5020deca-9fb2-32da-a680-767a3b51df0a,7489f6e0-fee6-3fff-90b6-444868eb907c,Kasey569 Rau926,M,GENERAL PRACTICE,1 KIDDIE DRIVE  SUITE 106,AVON,MA,023221182,42.130150349999994,-71.05720685110387,1,0
06f3969e-9cd0-35f9-8907-c307da3b8806,06f1d816-dd54-3409-bd94-8dc2745f807c,Erin498 Hand679,M,GENERAL PRACTICE,12 KENT WAY  SUITE 210,BYFIELD,MA,019221221,42.75468625,-70.9451078257969,3,0
52c6cfd4-ab17-353e-b056-f52dd9bc5080,545dcda5-7471-374e-9251-b4b685197d3c,Teodoro374 Koss676,M,GENERAL PRACTICE,175 CONNORS STREET,GARDNER,MA,014402637,42.5730593,-71.99713285,68,0
56069e04-c664-36b1-ad60-189db3a08c65,1e11392b-1278-3e70-93cd-f396cbd0c265,Gino587 Block661,M,GENERAL PRACTICE,115 LINCOLN ST,NATICK,MA,017607700,42.2843753,-71.3441395,39,0
af42ebc6-38ce-3378-9d68-43c98903a304,fe30f2b4-9bc8-346e-afba-4455d1766545,Wilson960 Turner526,M,GENERAL PRACTICE,17 LAFAYETTE AVENUE,CHELSEA,MA,021502010,42.40019115,-71.03050082480353,2,0
d95b1bae-bb18-3455-8e40-8a52193ce05c,00fde0ed-5951-3b9f-8413-0f25f85a8d4f,Elmo857 Hodkiewicz467,M,GENERAL PRACTICE,81 OLD COLONY WAY STE D,ORLEANS,MA,026533278,41.78403385,-70.00060868097228,25,0
b01c6f94-1f7b-35a4-9f0e-2fbf69f08fb3,6cf8a214-8d57-3267-85e5-7719e15cd63e,Michel472 Zulauf375,M,GENERAL PRACTICE,170 MORTON STREET,JAMAICA PLAIN,MA,021303735,42.299067750000006,-71.10124351911541,19,0
a0e31bd7-8337-3105-a32e-e27db2723136,4bc0cc09-77e5-37f5-844d-64a6637cae54,Hugo693 Ávila241,M,GENERAL PRACTICE,91 EAST MOUNTAIN ROAD,WESTFIELD,MA,010851801,42.110743549999995,-72.70066160206358,167,0
693e608c-1640-32e6-8630-c570d06b1fbf,b4e81d20-a3d6-39db-8b04-bcc4ab5de7b2,Warren653 Flatley871,M,GENERAL PRACTICE,354 WAVERLY ST,FRAMINGHAM,MA,017027079,42.276938650000005,-71.41386787587439,28,0
6f5ac229-adb8-3ec6-8e0c-53829046e1ab,0fedae9f-701f-3317-9b2f-69aea2202cdc,Willian804 Batz141,M,GENERAL PRACTICE,88 EAST NEWTON STREET,WINTHROP,MA,021522715,42.3750976,-70.982827,156,0
e7b067bc-6d36-3c74-9060-4f73d774f92a,ccb716b1-277f-3eff-999f-3ac0df45713a,Genaro214 Boehm581,M,GENERAL PRACTICE,25 LAFAYETTE ST,MARBLEHEAD,MA,019451939,42.4938348,-70.87382362834484,1,0
127dbab8-edd3-3799-b254-c12e041d55ba,4b7c1695-a178-3e03-8651-51acfd3b8372,Juan88 O'Keefe54,M,GENERAL PRACTICE,600 OLD SOMERSET AVE,NORTH DIGHTON,MA,027641824,41.86399,-71.1244904,39,0
a64c9f01-6e81-3978-8839-e71780f95c8f,aade280a-3b90-3e48-9648-91109a964a63,Johna806 Klein929,F,GENERAL PRACTICE,909 SUMNER ST,DARTMOUTH,MA,027473826,41.6332267,-70.9879928,719,0
ea25594a-e0db-3196-8924-89c4942872b4,e59fb2d5-508c-38c6-af2e-21d8216dd2b0,Nicholle822 Fisher429,F,GENERAL PRACTICE,759 CHESTNUT ST,WARE,MA,010821625,42.256476,-72.237482,32,0
fbdf2e2a-50bd-3f9c-83cc-b7d0989b6c76,440fa4b8-c731-3cf5-81d9-aa3f30a37b95,Bennie663 Abbott774,M,GENERAL PRACTICE,41 & 45 MALL ROAD,PEABODY,MA,019602901,42.5278731,-70.9286609,167,0
219ad16a-d9c2-33cb-af68-3da6c1858b3d,0fab3c4e-a028-39a6-b15a-be5a88b6aa2a,Cletus494 Paucek755,M,GENERAL PRACTICE,222 STATE STREET,LUDLOW,MA,010563437,42.15547415,-72.47222226666076,213,0
6bbf565f-a61f-35c4-91c1-978df80f8c63,3b021cb6-4745-3d9d-8436-230055f770bd,Eleni953 Franecki195,F,GENERAL PRACTICE,148 CHESTNUT ST,NEEDHAM,MA,024943238,42.27728075,-71.23665362814043,12,0
bfcbbced-9ab8-38c8-b23e-65ae1e2b9d56,86880e58-8753-3c63-b057-33781df70528,Glenn0 Keeling57,F,GENERAL PRACTICE,49 SAMOSET AVE,HULL,MA,020452512,42.2810432,-70.8703157542509,21,0
f5fa7dc8-2ec9-3ca7-b640-c9cbd8db9d06,36705572-6b8a-337d-9d01-be1087ce4650,Lindy582 Corwin846,F,GENERAL PRACTICE,233 WINTHROP ST,TAUNTON,MA,027804428,41.89112605,-71.11254102062864,73,0
87d17de0-12c0-39e3-b0fa-ad9cdbb468fd,b20a0fe1-53b3-33fc-8acb-bc9a2df64e57,Michaele314 Schoen8,F,GENERAL PRACTICE,3 PATTERSON ROAD  SUITE 3,SHIRLEY,MA,014642907,42.552462649999995,-71.62383665745185,3,0
56fb45f7-c692-3aea-a86f-b515f7a3bab9,70a26106-6797-39f8-83e6-6bcf212b99ad,Zackary401 Mohr916,M,GENERAL PRACTICE,340 MAIN ST,WORCESTER,MA,016081601,42.53616075,-71.74831883675786,55,0
3fbb91e5-8eea-336d-be83-f6c0ecbd2775,24460683-f514-37ef-98c1-724b2fc9aa2a,Dale454 Wilderman619,M,GENERAL PRACTICE,60 HODGES AVE,TAUNTON,MA,027803034,41.91158935,-71.10129620180315,79,0
34986127-33c0-3cbe-9a25-d07d08dde4c1,3076e02a-deac-3e81-96a9-1d32cbda6fca,Randy380 Kilback373,F,GENERAL PRACTICE,59 EASTWOOD CIRCLE,GARDNER,MA,014403901,42.567006649999996,-71.97817904424542,18,0
732260dd-1bd0-329b-ac79-998e52bb776d,fbd4ccdf-2fdb-3652-9bbe-1ccff886bd34,Jermaine675 Collins926,M,GENERAL PRACTICE,320 CENTRAL STREET  UNIT A2,SAUGUS,MA,019062372,42.4632069,-71.0093761,47,0
79238591-0b9d-3962-9fa7-56dec98cf2f6,65f0254a-73a3-3b06-bced-54d511445535,Maira380 Carter549,F,GENERAL PRACTICE,720 BOSTON POST ROAD,MARLBOROUGH,MA,017523766,42.355106,-71.47654,1,0
9fa9c56a-46ec-329a-88e7-7c27a0117805,901c2d40-1ca3-3879-9a20-c663b8adc0a9,Emory494 Schuster709,M,GENERAL PRACTICE,800 WASHINGTON STREET,STONEHAM,MA,021802445,42.4863168,-71.0928919,45,0
3b5451cd-95ae-3a63-b70a-fbab1c60c4ab,6170552c-4d27-3e64-8068-64a380f1837d,Leo278 Pacocha935,M,GENERAL PRACTICE,76 SUMMER ST,HAVERHILL,MA,018305814,42.7786873,-71.07306505177553,40,0
e08d00bb-265c-354d-8f3d-45ae44bae140,e6cc6043-299a-3581-8f6b-b3b5d62c46ae,Ellen406 Farrell962,F,GENERAL PRACTICE,532 SUMNER AVE,SPRINGFIELD,MA,011082458,42.08631583333334,-72.55792579166666,57,0
81d9d070-fd6c-38be-9c3f-c486a2c307b1,b9e35b8a-9831-32d8-a6dc-d7a546c126b0,Venus149 Blick895,F,GENERAL PRACTICE,111 HUNTOON MEMORIAL HIGHWAY  1ST FLOOR,SPRINGFIELD,MA,011092550,42.1018764,-72.5886727,61,0
d23956c9-967c-314e-b433-f6e4dc0c4625,70d5bbef-3c05-3318-b9d7-003dc8fbb8cf,Wilfredo622 Little434,M,GENERAL PRACTICE,33 SUMMER ST,TAUNTON,MA,027803479,41.9005416,-71.08895606814966,1,0
83ae2a68-e71b-3f61-bf68-1b01ba9e9bb6,22249c0a-8ce9-3726-a3bb-b037c773ce5c,Alberto639 Jurado563,M,GENERAL PRACTICE,337 NEPONSET AVENUE,DORCHESTER,MA,021223103,42.2875144,-71.0470691675753,12,0
7d78337e-6520-3ccb-a706-bb02f85cdccd,2f735290-1603-31b5-b561-7c8e0d413170,Amado512 Adams676,M,GENERAL PRACTICE,100 FOXBOROUGH BLVD STE 230,FOXBOROUGH,MA,020352878,42.041851949999995,-71.23486657070565,102,0
17aa5cca-8ec3-3b8e-9066-b75912b051fa,e1818b21-4458-3b9c-b2b8-7ed6f57ae078,Tamisha203 Wilderman619,F,GENERAL PRACTICE,2399 BOSTON ROAD,WILBRAHAM,MA,010951185,42.14668485,-72.45048427046072,29,0
51118523-014a-32a4-a086-6b81294da885,328f813e-4de8-3ec2-a113-43f3ddfb0b2a,Eldridge510 Roob72,M,GENERAL PRACTICE,30-40 WESTPARK STREET,BROCKTON,MA,023015241,42.0834335,-71.0183787,107,0
a2ac7704-bd8b-3fa9-b201-35b2b5142697,200746fc-5d0f-3ec7-a2a9-3d9a219ee139,Luisa710 Puente961,F,GENERAL PRACTICE,800 CUMMINGS PARK  SUITE 3100,WOBURN,MA,018016355,42.4977745,-71.1237712,1,0
2ad6845d-ba23-387c-8304-8b17c574a673,15d4c950-4691-3996-b4c4-bf06bfb58ff7,Azucena377 Crona259,F,GENERAL PRACTICE,70 EAST ST,METHUEN,MA,018445883,42.7285558,-71.16833738237946,45,0
c435a260-72a5-35dd-826a-17b2e597cadb,5018c664-e283-30eb-932a-529d9a19b3b5,Numbers230 Stehr398,M,GENERAL PRACTICE,300 SOUTH ST,WOBURN,MA,018014979,42.473347,-71.144086,5,0
1deeedcf-a868-36d1-88f6-74d4a3ed6d8b,847ba43f-362d-3325-a095-93eb95d9dd90,Lawanda300 Bayer639,F,GENERAL PRACTICE,60 E SILVER ST,WESTFIELD,MA,010854434,42.1147598,-72.73956114707532,3,0
972a02bb-ab87-318b-9237-1cb7b60e749b,d140ed3f-2696-3e78-bd77-1c959ec4fc4d,Orpha286 Marks830,F,GENERAL PRACTICE,863 HATHAWAY ROAD,NEW BEDFORD,MA,027401916,41.6512968,-70.9669902070805,7,0
b275cdd4-d2cf-3d65-b9eb-b53c1e43e19d,1cff30ba-b91f-3ea2-b80b-770d67856358,Duncan491 Halvorson124,M,GENERAL PRACTICE,359 JONES RD,FALMOUTH,MA,025403341,41.5591273,-70.60352436630029,2,0
363b3546-ce9b-3511-9e0a-01d9624fc46f,4ff8b164-4cf5-3ab4-b0f2-7ce8fda920e5,Latrisha74 Mante251,F,GENERAL PRACTICE,800 WASHINGTON ST,WORCESTER,MA,016550002,42.180483,-71.867782,101,0
28099dca-e5a9-3aed-87fc-82f1f3259082,39c15c0f-5c49-311e-99d2-1fb99d80e06e,Nancie476 Homenick806,F,GENERAL PRACTICE,398 NEPONSET AVE,DORCHESTER,MA,021223134,42.286764399999996,-71.04402811508834,49,0
58afb3ba-ae62-3781-acb4-30ab130360e1,bccd7d67-203c-3d93-b6b0-bff5a146cd1d,Courtney281 Kihn564,M,GENERAL PRACTICE,286 WASHINGTON ST,STOUGHTON,MA,020721763,42.1384306,-71.1022598,27,0
150f4473-a1dd-35e6-93aa-0a0958d37f32,63cb4d95-04a9-3a35-b5d9-f89e0377a48d,Chu728 Weber641,F,GENERAL PRACTICE,211 PARK ST,ATTLEBORO,MA,027033143,41.9419187,-71.2752081695297,349,0
1a8ee39e-2812-330b-802d-4798d510a658,6e290541-eba3-37fc-a3e2-e58f77e84c7e,Gregory545 Toy286,M,GENERAL PRACTICE,15 LENOX ST.,SPRINGFIELD,MA,011083122,42.085779,-72.55846414285715,32,0
eaad6086-6f47-36e7-a307-a88dbf5b40d9,a2a41caf-758f-3962-8e5f-e6e603f93d17,Noelle559 Padberg411,F,GENERAL PRACTICE,111 HUNTOON MEMORIAL HWY,ROCHDALE,MA,015421305,42.2020225,-71.89891616754682,314,0
e2a09d81-4dae-340e-9589-51c32daf53f6,db28cc9a-fdfb-35a6-aef7-ab9b933ef244,Clement78 Gleason633,M,GENERAL PRACTICE,8 DANA STREET,CAMBRIDGE,MA,021385402,42.3694992,-71.11011030010101,7,0
0087efa2-6d5a-3add-88f9-002c6d68c874,a6fb79e7-4abb-3a68-b62d-e501427fdca4,Barb55 Renner328,F,GENERAL PRACTICE,489 WASHINGTON ST STE 202,AUBURN,MA,015015709,42.187836,-71.83104,95,0
a7323288-0853-3992-8712-3d7dfe3f86c4,9d0e702d-50a0-3f4c-9126-0951d560fd4b,Hellen346 Roberts511,F,GENERAL PRACTICE,189 MAY ST,WORCESTER,MA,016024339,42.25986305,-71.83597786023279,126,0
67d5a52b-34c6-36fb-9481-a9cbfc497fb5,ea8d287f-b3a9-3800-8798-788e334ee406,Palmer257 Kuphal363,M,GENERAL PRACTICE,81 HIGHLAND AVE,SWAMPSCOTT,MA,019072928,42.4699241,-70.9171507,176,0
57dfcb5e-69ff-3a44-ae8a-2ef0e6c3ba34,c7542447-e06e-32cb-b6db-243c23a0dbc2,José Emilio366 Leyva523,M,GENERAL PRACTICE,30 WARREN ST,BOSTON,MA,021353602,42.3501483,-71.14393324457691,125,0
c22d4cc7-d118-3306-886b-55262e6a9038,d9fe2c9c-135e-3da3-8de8-1a0ff165d886,Bettina657 Marquardt819,F,GENERAL PRACTICE,1430 MAIN ST,WORCESTER,MA,016091121,42.2492003,-71.92931780325071,45,0
88eb7de8-6a14-3289-83a9-f20aceac4b8a,46375470-1e20-3ddc-8dc5-010ba53826b6,Samuel331 Villalpando154,M,GENERAL PRACTICE,40 WRIGHT ST,PALMER,MA,010691138,42.16934095,-72.34120457065711,68,0
88911b29-d3a7-34d4-96ea-90bf1e01d6ab,9d2a1656-0f4d-30d1-bc63-eb365a05529c,Felipe97 Ledesma253,M,GENERAL PRACTICE,235 N PEARL ST,BROCKTON,MA,023011794,42.09805395,-71.0609587194362,13,0
c99bf98d-9f8f-3271-a4d3-3ecd2c10c58d,aba3e6f6-4562-342e-b90f-dd61b117f394,Maryjane289 White193,F,GENERAL PRACTICE,438 CHESTNUT STREET,SPRINGFIELD,MA,011072008,42.11291091861002,-72.59692685125127,1,0
944f8571-f21e-3f0a-b828-570683aa91ac,72f50aa0-d8c9-34dc-ac58-c428323f3bcd,Danuta945 Little434,F,GENERAL PRACTICE,55 FRUIT ST,BOSTON,MA,021142696,42.36286045,-71.06875296664998,73,0
1ce9289f-de75-3e86-9d72-bf86e66e46f2,eee00932-ca82-36bc-b7e8-e3fff6dbaeaa,Eduardo902 Gonzales379,M,GENERAL PRACTICE,450 BROOKLINE AVE,WEYMOUTH,MA,021893141,42.2212188,-70.9391625,54,0
df162d45-14d8-3a10-9247-1e460d389b69,be509ccb-bfb7-3b87-8945-8426b689ef9d,Chong355 Balistreri607,F,GENERAL PRACTICE,2049 DORCHESTER AVENUE,BOSTON,MA,021244742,42.3554334,-71.060511,14,0
16a8572e-7dfb-3434-9e79-c1ae3800a748,6873525f-1680-3ceb-b536-270d44b46e2e,Raymond398 Nicolas769,M,GENERAL PRACTICE,500 COLUMBIA RD,DORCHESTER,MA,021252322,42.3147979,-71.067633,35,0
7d2e62f3-2c95-36a2-b0c1-a7e4a84bc723,6c7fe370-02c4-3537-8f5e-373b2168b933,Shon148 Swift555,M,GENERAL PRACTICE,60 HOSPITAL ROAD,LEOMINSTER,MA,014533791,42.54031915,-71.76312990486304,6,0
fbb15441-f92d-3b43-8dbf-19abd914a72b,f8918a95-31e8-3ac4-8d12-29ca6080ebda,Rudolf736 Vandervort697,M,GENERAL PRACTICE,199 REEDSDALE RD,MILTON,MA,021863926,42.251368299999996,-71.0768393856917,30,0
605b0fac-7f4f-3ba3-aaa5-5dd720b661a2,8d5880eb-1dd8-31ea-b7c5-21709f3bb341,Nicholle822 Satterfield305,F,GENERAL PRACTICE,50 ROWE ST,MELROSE,MA,021763201,42.4592093,-71.06078096379728,204,0
806977b4-1d3e-370b-be6b-dff22d517a92,3ff0f58b-7a1f-3334-9449-ff15f68b7d86,Crystle668 McCullough561,F,GENERAL PRACTICE,275 SANDWICH ST,PLYMOUTH,MA,023607761,41.94186605,-70.6455366462985,223,0
691f4f4a-4049-3d61-95ab-c0674a4d1350,70e3ad4f-b9ff-3f3e-9990-2cd7e23a9d1c,Zane918 Bosco882,M,GENERAL PRACTICE,1238 RIVERDALE ST,WEST SPRINGFIELD,MA,010894675,42.1373438,-72.62624707492338,199,0
26fd3d3c-7f2b-3549-9a23-692cc2e33459,09434cf4-ae0d-32ad-bc16-5ce7b0e5c12b,Chelsea317 Christiansen251,F,GENERAL PRACTICE,1041L Pearl St.,Brockton,MA,02301,42.055134,-71.06661,637,0
c4d20fd3-53f9-34cb-9035-83065c91b553,004554b4-3068-3938-832d-fa7cbe1cd1fb,Luba688 Littel644,F,GENERAL PRACTICE,25 STONEHAVEN DRIVE,WEYMOUTH,MA,021903951,42.1589443,-70.94970431672323,10,0
3eb488cf-6a4a-35b3-8527-c427981a78c4,371948e4-733a-33b6-a835-68abefdeb59f,Roxanna261 Gleichner915,F,GENERAL PRACTICE,197 ADAMS RD,WILLIAMSTOWN,MA,012672930,42.704126099999996,-73.19043030392987,29,0
30d5d5f5-b937-3271-b9b2-10063c331794,9d989fcf-4ad9-3972-ada3-f275d967781e,Cristi782 Miller503,F,GENERAL PRACTICE,100 TER HEUN DR,SANDWICH,MA,025632377,41.7579043,-70.4968152,106,0
5671a09b-fbee-36b9-8040-15a46f4d6cbe,b69bccdc-5ad3-3ded-a018-3cd8f369c9d2,Wendell199 Ziemann98,M,GENERAL PRACTICE,120 S MAIN STREET,CENTERVILLE,MA,026323246,41.649898300000004,-70.34309844876677,10,0
ab8f53b7-4d06-3972-bc95-c50a7399c711,af3871c3-2098-3051-bcb7-8a919e194a16,Sherwood961 O'Conner199,M,GENERAL PRACTICE,97 LIBBEY PKWY,WEYMOUTH,MA,021893110,42.19322885,-70.94589987654936,54,0
6482795a-2b08-363f-946f-d57b7e872540,d27d82d9-29ca-3b12-aa19-97c3de45247f,Franklin857 Kohler843,M,GENERAL PRACTICE,3 LYMAN ST,WESTBOROUGH,MA,015811442,42.2807083393633,-71.60631230525046,1,0
9361b0e4-218d-3e95-81e7-28002a0ec1d1,0519b293-2e92-3eb3-aeef-233da0babc93,Joslyn677 Friesen796,F,GENERAL PRACTICE,40 PARKHURST ROAD,CHELMSFORD,MA,018241511,42.6198215,-71.36189212971482,4,0
f0753383-e1b4-3db7-b38c-656258d8b089,5c896155-eb9a-383e-9162-a43ebb7f1cc5,Sammy219 Mayert710,M,GENERAL PRACTICE,400 LINDEN PONDS WAY,HINGHAM,MA,020433784,42.1972249,-70.91712645007524,6,0
240dbf9f-991a-3bc5-8257-ef2d08a37dbe,a730c5e6-a15f-3e36-8112-8579e507d330,Drew592 Ankunding277,M,GENERAL PRACTICE,28 LORD RD,MARLBOROUGH,MA,017524549,42.34718040987546,-71.57283065352654,118,0
3ddbad12-06c9-3a44-b8ce-86c9de588d0e,bebc1dac-6c42-3225-b0ba-23278cdf2a62,Antonia30 Hackett68,M,GENERAL PRACTICE,464 MAIN STREET,AGAWAM,MA,010011826,42.07695165,-72.62026217030348,125,0
17a25c1f-92a3-3130-a712-7bd170a3d4c9,ce4d0501-49eb-396a-bc56-545fdfc624b0,Mauricio81 Daniel959,M,GENERAL PRACTICE,1 HOSPITAL RD,OAK BLUFFS,MA,025571406,41.46063105,-70.57989080295974,15,0
1a2e95b8-a00f-3eef-bb48-bbec021eda84,e69e7cbb-8362-30d1-83f2-3a0c492fe2b1,Chris95 Kub800,F,GENERAL PRACTICE,110 LONG POND RD,PLYMOUTH,MA,023602642,41.9255829,-70.65514326847389,191,0
c5fbb2fd-8e8f-3db1-a2ac-4b5345f74973,afc661fd-71d9-3fc3-adf2-3fc3b5e8a140,Leontine92 Schmeler639,F,GENERAL PRACTICE,680 CENTRE ST,RAYNHAM,MA,02767,41.9487118,-71.0731008,69,0
106907a5-3a6a-3eef-9082-6bee02f34018,06cc2462-430f-3322-9c87-7e971125f510,Kai187 Mann644,F,GENERAL PRACTICE,133 OLD ROAD TO 9 ACRE COR,WESTFORD,MA,018863198,42.5792583,-71.4378411,47,0
f47edccb-eaf2-372c-96c8-5c70e7c5e48f,ebf42c2d-b477-397a-a403-f74f0c6cf53a,Augustus49 Murphy561,M,GENERAL PRACTICE,16 GREENDALE RD UNIT 2,BOSTON,MA,021261650,42.3554334,-71.060511,8,0
e1c46f98-cc0d-39bf-8ffc-5f7d5be9e7fa,ee7fab6f-6438-394f-b1f2-3e452f8f055a,Trey250 Satterfield305,M,GENERAL PRACTICE,75 BRIMBAL AVENUE,BEVERLY,MA,019156009,42.570099299999995,-70.87108224250409,2,0
51aa3cf8-a429-3332-bb21-0777e1b1c908,79508e39-d0b0-3613-9d54-168f6e1c3a18,Lynwood354 Tromp100,M,GENERAL PRACTICE,200 GROTON ROAD,GROTON,MA,014502056,42.577352149999996,-71.57414587343038,56,0
97cfed4d-4c01-3116-826b-10ed0eba2ec8,907b1d2f-2bf8-31b5-abc2-14d6b75faa96,Ellis535 Ernser583,M,GENERAL PRACTICE,340 MAPLE ST,MARLBOROUGH,MA,017523200,42.3358161,-71.54106510218209,28,0
bffef34c-d29d-365a-a891-e0a09ecada05,1ce0d1a3-b507-3ad1-afc5-b25bfe48b8dc,Margarito178 Welch179,M,GENERAL PRACTICE,10 PEARL STREET,STOUGHTON,MA,020722364,42.125716800000006,-71.1025481568314,1,0
7dba5904-f281-3339-ba7a-d97716668898,922d1031-d968-39c2-b73c-d5a495c39068,Carlena776 Steuber698,F,GENERAL PRACTICE,350 LINCOLN ST STE 1102,HINGHAM,MA,020432801,42.248735,-70.9209846,75,0
5f34ab9b-9af9-3b4a-8575-b8cd3ebf4386,880fad59-9c38-3a21-a39f-ccc801502ab3,Maurice742 Pollich983,M,GENERAL PRACTICE,799 CONCORD AVENUE,CAMBRIDGE,MA,021381048,42.390849395521705,-71.1556550001627,10,0
56e6a8b9-d6b4-370b-acf8-696da9a8478b,352f2e3b-0708-3eb4-9f7e-e73a685bf379,Araceli695 Willms744,F,GENERAL PRACTICE,157 UNION ST,SOUTHBOROUGH,MA,017721215,42.3056501,-71.5245087,12,0
db82233c-ab7d-310b-8841-f46d41b604ef,5b142cbe-a07c-3f6e-9780-a563644f66e2,Ross213 Wisozk929,M,GENERAL PRACTICE,73 Huttleton Ave.  Unit 2,Fairhaven,MA,02719,41.6318,-70.8801,42,0
669b6e6a-9ae1-3f17-9463-1edf31be9529,a2d45ee8-b930-3169-b612-f602961ad212,Valentine262 Leannon79,M,GENERAL PRACTICE,37 MINUTEMAN WAY,SHREWSBURY,MA,015452229,42.288207,-71.73443816915585,82,0
208a001c-27d6-3902-82ec-8094b2d06249,0fa1cab9-83c1-3c85-b7bc-53d8b922e2f7,Annita733 Frami345,F,GENERAL PRACTICE,115 LINCOLN STREET,WORCESTER,MA,016081216,42.2768165,-71.795274,182,0
7cbbc8d7-addb-3915-bc2f-2e599536c72f,10ffe7b1-2f94-3f12-9288-679da05a1ec9,Brendan864 Hintz995,M,GENERAL PRACTICE,133 LITTLETON RD,WESTFORD,MA,01886,42.57056335,-71.41736646422413,32,0
8a1eed07-deea-3b96-a430-fe9a27829c11,a73a3693-57ac-367e-b29e-f0f834cbaf66,Drew592 Simonis280,M,GENERAL PRACTICE,10 CORDAGE PARK CIR,PLYMOUTH,MA,023607318,41.9788991,-70.6879608,47,0
bf2ad7f9-4314-3f76-8e5e-e87af461515f,2b97893e-dc50-378b-a266-f089b8450329,Gary33 Torphy630,M,GENERAL PRACTICE,250 MOUNT VERNON ST,DORCHESTER,MA,021253120,42.3194571,-71.04610844302991,70,0
524c195c-4302-3e61-a020-1fac0a21dfda,3d5fbf38-c781-3e04-8c7e-5a402611b7d4,Enriqueta274 Barton704,F,GENERAL PRACTICE,260 ELM ST,SOMERVILLE,MA,021442951,42.3955992,-71.1227391,71,0
1c764d43-0d84-32a2-9aaf-bd0f40dfe60e,f43f97f2-af04-3ed0-a42e-3681718cc9b2,Dorcas534 Quigley282,F,GENERAL PRACTICE,725 NORTH ST,PITTSFIELD,MA,012014109,42.4600752,-73.2492795834909,9,0
8c729bd9-17c5-39bf-a7f0-02581abd9cdf,e119dcbb-0c33-3ec1-bf97-5f477799e5cb,Lamont867 Kerluke267,M,GENERAL PRACTICE,312 MILLBURY AVENUE,MILLBURY,MA,015273622,42.22515325,-71.75735371350069,1,0
31cd87de-68a9-3891-9de6-feadedae2e8f,88975fd9-b47e-3af6-af78-c58e1ecf0d5e,Barry322 Feil794,M,GENERAL PRACTICE,115 W SILVER ST,WESTFIELD,MA,010853628,42.1178811,-72.75935246865802,2,0
3fc05941-ccb1-32bb-b86d-f2dbc5937b0b,52efa2e5-007f-3396-a83a-28ca015f0595,Walton167 Turner526,M,GENERAL PRACTICE,20 N PARK AVE STE 2200A,PLYMOUTH,MA,023604090,41.960434631488596,-70.67007876763536,84,0
092e4bfc-b455-3218-a7f8-a31422502c7d,fd938c9f-a355-3ec7-96f8-516240ea1ba2,Sylvester827 Beahan375,M,GENERAL PRACTICE,529 MAIN ST STE 126,PLYMOUTH,MA,023604842,41.7664657,-70.7266525,3,0
03ae3dc5-bd58-376e-ad0a-1bfde612dcb7,0506a7b9-05cd-32d6-a687-7589e67f8587,Buddy254 Ullrich385,M,GENERAL PRACTICE,111 HUNTOON MEMORIAL HWY,ROCHDALE,MA,015421305,42.2020225,-71.89891616754682,1,0
e4625527-994f-3513-b705-443a18dc9adf,0334ad53-5d57-384e-a411-63b075139c06,Stephen891 Stamm704,F,GENERAL PRACTICE,66 CENTRAL STREET,EAST BRIDGEWATER,MA,023331913,42.03160525,-70.9572577506426,138,0
8ef4571a-1240-3d71-b054-59d91ef02e3c,069b90f9-309b-35e4-b990-d1dbacb962cc,Thomas756 Strosin214,M,GENERAL PRACTICE,36 LOWER WESTFIELD ROAD,HOLYOKE,MA,010402749,42.16975305,-72.63488031242107,9,0
fbdd253c-9508-3157-b80d-c5dd33b5c16c,e5ce3b83-f5e6-308d-aa64-82539fc2d906,Garret233 Dach178,M,GENERAL PRACTICE,1842 BEACON ST,BROOKLINE,MA,024451922,42.33728028715071,-71.14536064081996,1,0
53863037-ed11-36f8-a2c2-1e086f5601de,8ce066ae-10ad-3679-9272-387e8cb21947,Dane516 Tromp100,M,GENERAL PRACTICE,3 CHERRY ST,NEWBURYPORT,MA,019503928,42.80038345,-70.87664535540449,63,0
c693b4a4-63b0-3db6-8a07-0ad8e1dcd3fe,8395b012-c9c6-3b96-a7f9-edd24c9a3006,Quyen270 Crona259,F,GENERAL PRACTICE,123 SOUTH STREET,PLYMOUTH,MA,023602945,41.9432166,-70.6595797,2,0
06ceb16f-2b08-3a45-a47b-5816d24f6430,f438b8e0-d856-328a-b193-2b014fc4cb97,Karri995 Reinger292,F,GENERAL PRACTICE,981 VARNUM AVENUE,LOWELL,MA,018541913,42.64591185,-71.36487149058269,1,0
b7371703-4646-341d-9e3a-e6b813c9ce2c,936ceb96-2b12-371f-aa68-ee02a9c06f4c,Alan320 Keeling57,M,GENERAL PRACTICE,225 BOSTON ST,LYNN,MA,019043124,42.470497449999996,-70.96003668151566,34,0
9e555142-4a2e-3a10-90a5-c913547ea158,0a8a4b11-d0b8-3cd2-92cd-983de5189cfa,Angelena945 Nicolas769,F,GENERAL PRACTICE,111 BIRCH STREET,LYNN,MA,019021574,42.47859105,-70.93458444045801,37,0
79ef0a0d-20d6-3112-9525-a4e3b70741ef,7b7ce654-a413-37d1-9d34-97240c0ac580,Liberty95 Kihn564,F,GENERAL PRACTICE,1 WRENTHAM ST,BELLINGHAM,MA,020192532,42.025037350000005,-71.48945118224057,1,0
6c2b86af-4f67-393a-b1e1-dedb77168017,7b20d1c4-c56b-3647-801c-5e4e13679073,Riley817 Prohaska837,M,GENERAL PRACTICE,275 SANDWICH ST,PLYMOUTH,MA,023602183,41.94186605,-70.6455366462985,493,0
bbf26ded-42d1-3888-a976-2374aeb78f9a,880c8804-deb0-35b0-9132-06950118b8b3,Elijah719 Flatley871,M,GENERAL PRACTICE,150 LINCOLN STREET,NEEDHAM,MA,024922914,42.2743931,-71.23662905222776,2,0
70e25ea8-43f0-3cb0-8a51-003d02a326e6,df852cb2-9fe0-3c90-87ac-46e5f980ee3b,Claudie965 Koch169,F,GENERAL PRACTICE,3 PATTERSON ROAD  SUITE 3,SHIRLEY,MA,014642907,42.552462649999995,-71.62383665745185,7,0
c8090936-0f11-3a39-884b-aaa0326461f7,3e97ce4f-3ad7-3cea-883f-e2bb4ca89d83,Dan465 Swift555,F,GENERAL PRACTICE,30 NEW CROSSING RD,READING,MA,018673270,42.51809619399502,-71.0959083715027,6,0
24894b24-a568-31b3-9f57-c94ebc4a0971,c60fc3df-9dbd-3f31-a456-41c84490266f,Booker670 Johnson679,M,GENERAL PRACTICE,146 MAC ARTHUR BOULEVARD,BOURNE,MA,025323902,41.7412166,-70.5989196,1,0
aacaff58-0bfc-343e-bd77-4f8c50105e6a,c4e5b33c-17b8-3f51-a8ba-a327d54e642a,Kaila152 Dibbert990,F,GENERAL PRACTICE,94 N ELM ST,WESTFIELD,MA,010852917,42.1322823,-72.7436679,85,0
46ba1e72-40ef-368a-91b5-d1c83610964a,79d49935-bcc0-36ca-920b-45365c367438,Sherita708 Hudson301,F,GENERAL PRACTICE,409 W BROADWAY,SOUTH BOSTON,MA,021272245,42.336831,-71.047958,111,0
0046ff66-8a55-366e-97d4-6001a571c176,0f2c58ec-5323-3c0f-9bdf-af0df7eb2a2b,Mana631 Boehm581,F,GENERAL PRACTICE,130 DORCHESTER STREET,SOUTH BOSTON,MA,021272642,42.3334312,-71.0494949,18,0
c2ef5ae0-d1bf-330a-a5c2-7a0b6a288d05,666c3e81-2ec6-3bff-9dcc-a704edd86960,Cassi819 McClure239,F,GENERAL PRACTICE,770 CONVERSE STREET,LONGMEADOW,MA,011061719,42.0639853,-72.5521444,1,0
c5b43d53-8ab9-34e2-a6f0-eb02d34b5443,680532c8-2661-3b39-875a-b6ec0746ccf5,Buford910 Dach178,M,GENERAL PRACTICE,30 ATHOL ST,ALLSTON,MA,021341124,42.36075595,-71.13397379082869,59,0
6f730f6c-d155-3043-b156-6a547dc03233,c6b019eb-28ec-36f6-abf3-bcc4d1d58966,Sherwood961 Aufderhar910,M,GENERAL PRACTICE,33 AVON ST,WAKEFIELD,MA,018802310,42.50403445,-71.07462951514611,42,0
3fa3d4a2-8d1f-386d-af69-3f7a408782f2,b5b380d2-df21-3389-abf0-08551c7e1f2d,Madeline975 Friesen796,F,GENERAL PRACTICE,85 PATTON RD,DEVENS,MA,014344401,42.5304204,-71.61505519305638,127,0
e7d0eead-a211-39fa-ae91-d36547f32fdc,31e00f85-6909-3d9f-afc6-5ae507ab0c06,Josephine273 Collier206,F,GENERAL PRACTICE,382 GROVE STREET,BRAINTREE,MA,021847324,42.189369400000004,-70.98451984814267,60,0
9e737dc9-15c2-341a-a61d-eb5bc97bac95,06376cbe-4880-384b-b459-7ce3eef36ced,Cody889 Ratke343,F,GENERAL PRACTICE,387 QUARRY ST,FALL RIVER,MA,027231026,41.6932713,-71.1402431739568,46,0
6edb33ff-5ef6-3573-90de-05437d269608,b5e6f1bd-c744-3556-9775-5ff8399eea33,Whitney250 Wiza601,M,GENERAL PRACTICE,2284 MAIN ST,CONCORD,MA,017423829,42.44300895,-71.42458458423982,30,0
bd2c1ad6-0974-3269-aaa4-2776d3f572ab,f22bc2ac-f8bd-3f9f-9a40-93db37639d3f,Kirk871 Erdman779,M,GENERAL PRACTICE,735 ATTUCKS LN,HYANNIS,MA,026011867,41.6747631,-70.29768515601289,48,0
92b3a7a0-739a-3eb7-bced-76174fe9bcf8,a94f4f6e-88ad-39ff-a935-dc87f13327b1,Carlos172 Wiza601,M,GENERAL PRACTICE,370 WEST STREET,LEOMINSTER,MA,014532073,42.535877150000005,-71.77537115047085,2,0
e862d4bc-061d-3bc0-9113-4601a78b7713,4bde4cbc-55f7-3501-90eb-2c88178c7be1,Mireya881 Nikolaus26,F,GENERAL PRACTICE,50 MEMORIAL DR,LEOMINSTER,MA,014532238,42.541995,-71.7628835,39,0
3210dda7-0b9e-3b9b-ac00-e6478594f9d8,e2eab39c-5195-34aa-b35f-e89e37cfed01,January966 Roberts511,F,GENERAL PRACTICE,55 FOGG ROAD,WEYMOUTH,MA,021893141,42.175539799999996,-70.9539153674405,756,0
556cb676-67a4-389f-9c63-bc542af384bf,4fa8411f-42f8-3353-8947-bf15254c9dee,Jess275 Gutmann970,M,GENERAL PRACTICE,90 GREENWOOD STREET,WAKEFIELD,MA,018804039,42.476321150000004,-71.06922169005762,42,0
8562087c-26b5-3a98-96cc-6f48ad87b1f3,1de7e7d9-9a7a-3a3f-bf4c-b4de450711f2,Clelia416 Morissette863,F,GENERAL PRACTICE,198 LITTLETON RD,WESTFORD,MA,018863429,42.564282,-71.42620615382347,19,0
21a232af-914a-32ac-9e6a-7c214dc11671,f52777bd-7313-3b27-8dd5-cd3f87bd3275,Larraine124 Torphy630,F,GENERAL PRACTICE,9 HOPE AVE,WESTWOOD,MA,020902914,42.2139873,-71.2244987,32,0
b3990084-afc9-385d-a059-a4c7312f8c3f,05cc5056-7af4-3afb-9a5a-d7a1c23a2509,Francis500 Lehner980,M,GENERAL PRACTICE,2069 ROOSEVELT AVENUE,WEST SPRINGFIELD,MA,010892595,42.105237,-72.6213712,15,0
2eac3fa7-17f0-3f15-8e2c-d6b3c651be42,7345a4c0-52c6-3da2-8aef-fccb8ad3e8c4,Kendall673 Padberg411,F,GENERAL PRACTICE,114 TURNPIKE RD STE 206,WESTBOROUGH,MA,015812800,42.28414835,-71.60433295499837,2,0
6344f005-dc0f-343c-bc77-4d5154d3b1b0,497f39dd-280e-3d58-af5b-c5e3a3a09b10,José Emilio366 Botello137,M,GENERAL PRACTICE,27 PARK ST,HYANNIS,MA,026015230,41.65363635,-70.27352219234834,101,0
96430d86-b431-3fbf-8a8c-f3c29ceccb90,f2a6c4f7-f5b2-361a-95c4-3d635b352a46,Dusty207 Lynch190,F,GENERAL PRACTICE,546 SOUTH STREET EAST,RAYNHAM,MA,027671079,41.8984957,-71.03751432894776,4,0
f00ee1f2-5b80-385a-b72e-1d26acd70503,b0762027-dc86-335b-8310-f4f031c1caca,Elijah719 Swift555,M,GENERAL PRACTICE,765 WEST CENTER STREET,WEST BRIDGEWATER,MA,023791517,42.01302315,-71.05345585281756,8,0
d5217519-b71c-36c7-ace5-2616a05194ae,578b56de-fe9c-32e1-aea4-876f8bc01e9c,Agnes294 Dooley940,F,GENERAL PRACTICE,49 HILLSIDE STREET,FALL RIVER,MA,027205211,41.707406500000005,-71.14593659462452,22,0
f9132bc0-edd0-3262-942a-625721377b7d,0d7fd824-1c7b-3f8b-a662-f6c2005e82e1,Arminda86 Trantow673,F,GENERAL PRACTICE,88 MASONIC HOME ROAD,CHARLTON,MA,015071394,42.1389039,-71.9782681,9,0
ed9f1cb7-6610-30ae-8553-5ae7d4d6fecc,ed0c5b98-dc8a-3fc9-9856-61f1a1c75b11,Werner409 Gerhold939,M,GENERAL PRACTICE,40 JULIO DR,SHREWSBURY,MA,015453010,42.29191827853838,-71.70343631978118,1,0
de50baa4-d61f-31c3-9082-f477c5bf61bf,a525d084-5a8f-3859-a048-2130a4092ec8,Linette249 Runte676,F,GENERAL PRACTICE,2 MOUNT ROYAL AVENUE  SUITE 350,MARLBOROUGH,MA,017521976,42.34042135,-71.57841367654626,12,0
f719396c-464e-38fc-9783-6cafa1d77745,accb8cdd-6560-3fef-b0a6-f12c3295026a,Kerrie266 Bergstrom287,F,GENERAL PRACTICE,969 PARK STREET,ATTLEBORO,MA,027035115,41.9266899,-71.2611303145582,24,0
4fe34e8b-04f7-355c-a1b6-cc347fa4f1dd,18a96051-91f4-3cba-af96-056ea14dfee0,Silva841 Grimes165,F,GENERAL PRACTICE,25 HIGHLAND AVENUE,NEWBURYPORT,MA,019503872,42.81369325,-70.89091645747592,73,0
4c0d5a24-b24c-3043-b808-0eb6de7a3495,c2e93fb4-abf2-3210-b6ec-4d1ecb2b76f0,Kyle55 Halvorson124,M,GENERAL PRACTICE,62 BROWN ST,HAVERHILL,MA,01830,42.76512700000001,-71.04617174286321,29,0
ddb2909f-a39a-3d60-8e85-297abc20c67f,41e2a44c-477c-3511-96f9-12c476aa3b6a,Latoyia537 Lindgren255,F,GENERAL PRACTICE,85 E NEWTON ST,BOSTON,MA,021183553,42.336277100000004,-71.07085295687423,327,0
267b814e-0336-3a6f-8231-2fbbfe84d1fd,f00601d0-d49e-30ed-bc3e-314379f2103e,Elijah719 White193,M,GENERAL PRACTICE,490 MAIN ST,MELROSE,MA,021763841,42.4550741,-71.0654799,28,0
cdf0591e-85a2-3ffc-812a-e6e48cdd9413,5b0cd0a0-f277-3a66-bee6-d64b5be4a3f5,Waldo53 Hintz995,M,GENERAL PRACTICE,725 NORTH ST,PITTSFIELD,MA,012015493,42.4600752,-73.2492795834909,6,0
cca47bd0-1ce3-3944-a9c0-925f3e287202,edbb9e9c-3440-3b38-abfc-83a8f0b6bebc,Temeka297 Huels583,F,GENERAL PRACTICE,273 OAK GROVE AVE,FALL RIVER,MA,027232315,41.70179473202871,-71.13310371798859,1,0
5233d784-6021-3b77-af79-f9bde769f819,363631be-d437-3548-98c2-d10b909c1721,Monty345 Ferry570,M,GENERAL PRACTICE,50 MANSION DRIVE,ROWLEY,MA,019691026,42.73718535100735,-70.88053187301136,4,0
dc34075f-4249-3ca5-aa46-fcc0ecaf9319,ad2dab07-4f85-3950-baaa-7c7cd2aa770c,Gabriel934 Ureña88,M,GENERAL PRACTICE,55 LAKE AVENUE NORTH,WORCESTER,MA,016550002,42.2774799,-71.76166994969458,80,0
e64c50ed-ce6c-3396-b20b-d4697943c6e9,1d45436f-15a9-326e-a452-2e9ffc9fc5e5,Wilfredo622 Mraz590,M,GENERAL PRACTICE,75 SPRINGFIELD RD,WESTFIELD,MA,010851832,42.111428849999996,-72.71189899299209,143,0
d91e18f1-b6fe-3158-b648-f90515891f73,a69c3469-9552-3474-9928-20350c16191b,Jon665 Daugherty69,F,GENERAL PRACTICE,64 PERFORMANCE DR.,WEYMOUTH,MA,021893104,42.196492899999996,-70.94257445685295,1,0
9a56e44e-b556-31b0-a1cb-8b37b04df03f,0d1570ab-371c-3898-9397-95905d8c5166,Santina680 Dicki44,F,GENERAL PRACTICE,750 WASHINGTON ST,BOSTON,MA,021111552,42.3499038,-71.0631836,82,0
82a729c8-cb63-33ae-aa7c-c1997cdcc8ce,1853aeef-5897-326a-80d6-aa4b0459eb6d,Jewel43 Kassulke119,M,GENERAL PRACTICE,381 WICKENDEN ST,ATTLEBORO,MA,027032247,41.9438129,-71.2806515,41,0
c99a4cb1-62a8-3bd6-8096-7a253cf576d6,f3030ee3-dfa5-3595-b684-9769e52a580a,Carter549 Torp761,M,GENERAL PRACTICE,88 MASONIC HOME ROAD  DAVENPORT BLDG  2ND FL,WEST SPRINGFIELD,MA,010891357,42.105237,-72.6213712,1,0
f72c991b-863e-3f5e-ae60-4efa68504d18,2ca615f3-87f7-3283-a447-d919a883b676,Isaias604 Dickinson688,M,GENERAL PRACTICE,1399 WASHINGTON ST,HANOVER,MA,023391653,42.1441354,-70.8440854,62,0
bcdefe08-7f71-3668-a8cf-fd410e3cfa6b,c0a33465-d309-3d2a-932e-9d554a7cc19c,Nathanael908 Rogahn59,M,GENERAL PRACTICE,100 CENTURY DR,WORCESTER,MA,016061244,42.3138278,-71.7707002,136,0
b720419e-4c9f-3c71-8be0-371cbb0c9335,7f32dd7d-5c35-3ddb-839b-8fbbb930d412,Luna60 Littel644,F,GENERAL PRACTICE,863 CENTRAL STREET,FRAMINGHAM,MA,017014813,42.30758060362541,-71.42846215724606,8,0
bace5aa7-4ff2-3e1e-b588-7acab43f1bff,51d38e67-9350-39b8-bbb3-91cc879ae415,Darrick836 Hoppe518,M,GENERAL PRACTICE,335 NICHOLS ROAD,FITCHBURG,MA,014201932,42.598254850000004,-71.80841914533654,2,0
6eb2a2e6-8125-3c9e-9f4d-d9a4a4f50d76,80646050-1c76-3046-bbc8-fd5f0b7c34e6,Mayola305 Hauck852,F,GENERAL PRACTICE,140 ARNHOW FARM ROAD,FITCHBURG,MA,014201369,42.5903661,-71.8119837,51,0
d107dbed-0ae7-30d7-80e0-416f90142320,d36eba4a-0dfb-3a26-b9fe-eb74594bbe3c,Kyle55 Boyer713,M,GENERAL PRACTICE,1350 MAIN ST,WORCESTER,MA,016031550,42.2416259,-71.85047518091996,1,0
55253017-894a-39ec-a3cc-93f07d325cc6,0be0e035-8dad-387e-bbdd-a5a469c4311f,Deane47 Howe413,F,GENERAL PRACTICE,480 MAPLE ST,DANVERS,MA,019234065,42.584178050000006,-70.97197467750539,53,0
69cdb46e-8650-3936-a4cd-32f82a56746d,3f12ebb4-e03c-3453-88d2-4fc9682383df,Irina619 Stiedemann542,F,GENERAL PRACTICE,726 COUNTY ST,NORTH DARTMOUTH,MA,027473603,41.6389926,-70.9703171,66,0
317e7c3f-3b40-324e-9e28-57be43d9804b,a9fc7aa5-d3b3-314d-9cf7-af29051d3dd9,Olevia458 Hermiston71,F,GENERAL PRACTICE,1193 SEA STREET,TAUNTON,MA,027803960,41.8946107,-71.11113,10,0
756739f6-299e-3848-99f4-a8e5c888ab7a,8ec2ca51-abb4-35dd-b90f-6c6aad6d2124,Elisha578 Conn188,M,GENERAL PRACTICE,22 JOHNSON STREET,PEABODY,MA,019602311,42.54644385,-70.99288129112277,16,0
68f90da3-5773-3453-a5da-3160e7fe5d87,8af3b144-0e1a-3c90-937d-81a4ed026080,Guillermo498 Fay398,M,GENERAL PRACTICE,800 WASHINGTON STREET,NORWOOD,MA,020623489,42.1886973,-71.2005241,53,0
62d962e5-6fd9-3b5f-8702-46faf85b05db,b3b56527-d366-3353-bca9-266a12f23051,Gil594 Schroeder447,M,GENERAL PRACTICE,60 QUAKER HIGHWAY,UXBRIDGE,MA,015691628,42.06100105,-71.62352848737622,4,0
79bfdcad-0434-348b-9784-ecd90823216b,68027854-a51a-324b-8f20-2da7be608ebf,Ralph813 Legros616,M,GENERAL PRACTICE,50 RECREATION PARK DRIVE,HINGHAM,MA,020434206,42.176395,-70.90419664699353,12,0
a5f6ae98-9c93-341b-afd3-f466da00fead,99a31e4a-04aa-334b-9e96-904f01483d93,Emilia403 Abeyta738,F,GENERAL PRACTICE,100 N BEACON ST,ALLSTON,MA,021341928,42.3536388,-71.1375978,1,0
f13b525b-dd7e-3265-937a-4de44431d75a,36c8b677-a6ce-3266-b71e-ed86d778d0fa,Jerrell6 Rippin620,M,GENERAL PRACTICE,300 FRIBERG PKWY,WESTBOROUGH,MA,015813900,42.28350315,-71.58027718702151,679,0
d4f51e1a-e2fc-319b-a19e-4333bfa4e2cc,6929d249-cc27-33aa-a871-b6f26059615d,Sina65 Fritsch593,F,GENERAL PRACTICE,ONE HOSPITAL ROAD  FIRST FL  WING 5   PO BOX 1477,OAK BLUFFS,MA,025571406,41.4538523,-70.5684713,259,0
a8fd1b6e-c501-3968-a89d-afab12e269ab,aad05540-c9cb-3805-b3c4-f9b9d9b42b2e,Arla414 Fritsch593,F,GENERAL PRACTICE,821 E MAIN ST STE 3,CHICOPEE,MA,010206306,42.155774795300516,-72.55672263289513,60,0
4097c52c-86c7-355e-989d-610b6ef5f4c5,2987ddf5-7ff2-3e4a-9e25-d654a10313fd,Josefina523 O'Connell601,F,GENERAL PRACTICE,519 MAIN STREET,MEDFIELD,MA,020522522,42.186209649999995,-71.30745495273302,15,0
8d505e5d-8229-3a64-a9fb-ccf71d473923,ce3b504c-f15c-3bcf-ba6e-dcb551cc7d7f,Denisha680 Schmitt836,F,GENERAL PRACTICE,112 SOUTHAMPTON ST,BOSTON,MA,021182711,42.33240995,-71.06915010706255,62,0
0030d370-dfc4-3382-bf02-fb0dfe00cee8,0e9d0119-1157-35a0-8bb5-7e0aa3041928,Kari181 Trantow673,F,GENERAL PRACTICE,1049 MAIN STREET,SPRINGFIELD,MA,011032114,42.09977055,-72.58470990760483,49,0
c29e9acc-88ac-39a7-8b7a-df3d1eeba55d,76b7dbb5-0a02-32a4-9a01-3511f7e45016,Emerita401 Satterfield305,F,GENERAL PRACTICE,59 COUNTRY WAY,SCITUATE,MA,020663746,42.1806871,-70.74862935148246,4,0
3a3f6bf4-53d3-3cc0-8afb-7bd5e49b1d04,c9aabcbd-d4e0-391f-8980-d0be6934ea82,Shonda871 Leffler128,F,GENERAL PRACTICE,340 PLEASANT ST,BROCKTON,MA,023013236,42.08764334999999,-71.03287346676532,24,0
beef06ef-7fe3-3e0e-b060-c79e06f195cc,d9b71ccf-6649-3555-9e99-44eac0af257f,Darlene91 Collier206,F,GENERAL PRACTICE,655 DEDHAM ST,WRENTHAM,MA,020931135,42.084901,-71.30689224201797,99,0
0a977a99-4a27-387e-a4ca-7633b5c6d2b9,2fb77691-5353-358a-bc94-90af77dd654b,Isabela97 Duran646,F,GENERAL PRACTICE,200 GROTON RD,AYER,MA,014321168,42.577352149999996,-71.57414587343038,8,0
d54d8d2c-ffc0-3ad7-9383-8295e2f9eada,1cec4304-9757-3a10-ad4f-7e2090c56131,Theo630 Rohan584,M,GENERAL PRACTICE,55 LAKE AVE N,WORCESTER,MA,016550002,42.2774799,-71.76166994969458,74,0
d8560b81-4327-3c51-b1af-39d2dff800a7,ec7e487e-7e78-3eac-a9ee-37f8de98a0f9,Marlene554 Hammes673,F,GENERAL PRACTICE,277 WASHINGTON STREET,ABINGTON,MA,023512489,42.10060947239023,-70.94967338146704,3,0
86c6244c-12b2-34bf-a6e5-d50e825d3af6,471f7ca2-38f8-3080-8109-187c73ec0b1f,Collin529 Johnson679,M,GENERAL PRACTICE,27 CONGRESS ST,SALEM,MA,019707308,42.518722068313224,-70.88940635956651,29,0
7a93cb22-af16-38f4-978c-51e6662bbb8c,a5577e5c-b886-37a0-8eee-8ff6feb7ea6b,Leopoldo762 Keebler762,M,GENERAL PRACTICE,330 MOUNT AUBURN ST,CAMBRIDGE,MA,021385502,42.3741033,-71.13417575971958,262,0
8e909b6e-6839-3e06-9d12-c5d089494a8f,20df65a4-7567-3066-b680-0f71b0c31d38,Adela471 Téllez750,F,GENERAL PRACTICE,242 GREEN ST,GARDNER,MA,014401336,42.58685735,-71.98748072431209,623,0
c5ab394e-7227-3caf-9cb2-768493ac6e0d,9485907a-9f9c-3c19-a424-b402ee8f99c2,Tynisha348 Bogisich202,F,GENERAL PRACTICE,101 PLANTATION STREET,WORCESTER,MA,016043025,42.258026400000006,-71.78384882397785,1,0
523217f9-ea7c-3ab1-95cb-e2d925679046,6ea4d3d6-d820-387a-a3d1-ed5944ad47a2,Fabian647 Larkin917,M,GENERAL PRACTICE,232 PLEASANT ST,METHUEN,MA,018447152,42.7397562,-71.17113575205717,29,0
a511435f-1f6b-3ed1-aca5-489458c4a4a4,9b8a7a25-b923-3710-9f3c-d42919a3f54f,Heriberto162 Ondricka197,M,GENERAL PRACTICE,146 MAIN ST,MAYNARD,MA,017542651,42.4309786,-71.4552968,26,0
20fd00a1-60e2-3785-bd1d-e20a3d7a12f6,62b55e5b-b58f-354d-8f2d-f2a330bc619e,Paz9 Gerlach374,F,GENERAL PRACTICE,201 HIGHLAND ST,CLINTON,MA,015101037,42.42738865,-71.69329092351188,61,0
272907ac-6924-3d06-aef3-38b8cf7f181d,9dbd44ba-59b2-3d1d-ac91-3880af8081d2,Tori754 Larson43,F,GENERAL PRACTICE,529 MAIN ST STE B,ACTON,MA,017203965,42.4878132338563,-71.43046999422496,79,0
ad32beea-ac1f-30a8-8b93-49a99d396ccf,35eba9db-902f-32e6-b302-0e5ef8fa5c68,Isaiah615 Schumm995,M,GENERAL PRACTICE,66 BROAD ST,WESTFIELD,MA,010852927,42.1165587,-72.74727440058362,1,0
7c878038-25ac-3439-8e56-828b1ad70dd2,845fbd9b-2d1c-39a8-8261-28ae40e4fab2,Sam879 Rippin620,F,GENERAL PRACTICE,14 PROSPECT STREET,UPTON,MA,015681431,42.1700209025178,-71.59409308099494,171,0
b9ed3224-5dab-3bad-a8c9-8b7097bbe26a,946ec45f-5c4a-361f-b158-927144864133,Elvira561 Montaño969,F,GENERAL PRACTICE,19 MIDSTATE DRIVE  SUITE 130,AUBURN,MA,015011856,42.1894693,-71.85604765,5,0
43a89457-7b7d-30a2-aa74-47c82c26361b,bac9dc0c-cb0f-3fa6-aa12-819dd0fb922a,Nicholas495 Greenfelder433,M,GENERAL PRACTICE,1493 CAMBRIDGE ST,SOMERVILLE,MA,021452935,42.3875968,-71.0994968,7,0
03996002-63dc-383c-b2be-4175325b7842,84d5768f-3a21-3da9-aad2-bbf7a3ae2700,Elba502 Schneider199,F,GENERAL PRACTICE,817 MERRIMACK ST,LOWELL,MA,018543548,42.650296999999995,-71.32263756223612,23,0
24c0732c-19e5-3fad-9c05-00c217423bf7,9ce6072b-d039-3cde-8eaf-950211b8ae88,Terrie907 Ratke343,F,GENERAL PRACTICE,147 S MAIN ST,MIDDLETON,MA,019492446,42.585787222720036,-71.00861442427218,4,0
bca9e564-26ef-36bc-9747-b7f99830ea77,af8566eb-8918-3ec7-ba44-92b6a2cf8097,Trevor374 Walker122,M,GENERAL PRACTICE,81 HIGHLAND AVE,SALEM,MA,019702714,42.5112107,-70.90516241826194,9,0
96c80a98-dd3c-3872-a93e-18f8b02341e8,d1d4d104-68cb-356b-9086-888de7d2826f,Ellyn26 Windler79,F,GENERAL PRACTICE,61 Lincoln Street  Suite 112,Framingham,MA,01702,42.28348,-71.41845,114,0
c6963c6c-dd7b-3e53-8ce8-bb4cac75a586,21e6967c-bb71-3992-bb1c-11ffff39216e,Jesse626 Weber641,M,GENERAL PRACTICE,200 HILLSIDE CIR STE 3,WEST SPRINGFIELD,MA,010894681,42.105237,-72.6213712,2,0
c3e8013a-b174-39f7-a8f0-b0dc9d2870a1,ecd3b321-0a8a-3ce6-81f0-982dd77fce43,Tracie996 Lesch175,F,GENERAL PRACTICE,25 HIGHLAND AVE,NEWBURYPORT,MA,019503867,42.81369325,-70.89091645747592,18,0
8915c8e5-42cf-34cd-80a7-775d69c67961,c762a0ef-bfba-3261-b90c-4059f7bcc87d,Jerrod232 Cormier289,M,GENERAL PRACTICE,160 MAIN STREET,WALPOLE,MA,020814037,42.168752850000004,-71.23027591232932,1,0
63c356d1-8458-3c6e-ad96-c84587279f0f,69cb2157-b620-3c51-9c94-f516462d2d55,Luther918 Schroeder447,M,GENERAL PRACTICE,11 WATER ST,ARLINGTON,MA,02476,42.41642055,-71.15424293038585,44,0
49238e91-3324-3d92-9891-433433cdcc0d,f90ef475-defe-363d-a926-573b38f804a2,Bea654 Schiller186,F,GENERAL PRACTICE,54 HOPEDALE ST,HOPKINTON,MA,017481672,42.2288875,-71.5196439,41,0
9b6402b4-d7df-3919-b5b3-abdebb7c8e03,a25107f7-f4f5-36fc-98e4-f3e1b5875c91,Tracy345 Wilderman619,M,GENERAL PRACTICE,1285 BEACON ST,WOBURN,MA,018012157,42.4979478,-71.1684508,6,0
12203f2d-f537-3614-9473-706c70f7cff5,0e6c3ad1-24c1-34cb-bb6d-e8438fa319e2,Vern731 Casper496,M,GENERAL PRACTICE,50 DODGE ST,SWAMPSCOTT,MA,019071300,42.4699241,-70.9171507,10,0
bf0821d0-b910-3db9-8795-b2f3bccafc3f,3695125c-c052-3ece-898a-2a6448987ae5,Cristian531 Granados71,M,GENERAL PRACTICE,2040 BOSTON RD STE 5,WILBRAHAM,MA,010951380,42.150295650000004,-72.47288272264812,21,0
e2c411c5-7c13-3492-b593-a8021aec5df2,45db4ed7-a93e-3946-9c31-b567ca373de6,Domenic627 Toy286,M,GENERAL PRACTICE,7 Drydock Ave  Suite 2070,Boston,MA,02210,42.34461,-71.03728,3,0
2abce4bf-8e54-3925-a101-dbef907363c7,05fcf001-ab24-3d7d-85f7-f64942d82738,Nickolas58 Schumm995,M,GENERAL PRACTICE,250 POND STREET,FRAMINGHAM,MA,017014592,42.2838619,-71.4093719,274,0
f39e6fe0-7f9c-3e7e-a5b0-4fec98eb318b,8789c07e-d15d-378d-ba2b-d2b49ebb6db4,Ollie731 Bosco882,F,GENERAL PRACTICE,800 WASHINGTON ST,WOBURN,MA,018011976,42.4946907,-71.1242899,16,0
08beaa77-cb17-3b91-a1b1-1b5e912bd52f,0e3a24c3-b772-3059-b3fd-8a4710068a82,Rex53 Gerhold939,M,GENERAL PRACTICE,416 BROADWAY,RAYNHAM,MA,027671737,41.940680799999996,-71.07864352196617,45,0
a271019e-d6bf-3223-994b-40a7235a0271,b8d40f5c-9e4d-3639-89ef-8bf375cb3184,Sarai636 Howe413,F,GENERAL PRACTICE,190 OLD DERBY STREET,HINGHAM,MA,020434065,42.1807101,-70.9170852970031,1,0
0794fe80-b150-3903-9889-a925d76db56d,a537b406-fdfa-36b4-84da-12512e7e6c63,Ernesto186 Davis923,M,GENERAL PRACTICE,795 MIDDLE ST,STOUGHTON,MA,020721829,42.1252079,-71.1022015,7,0
6d0085ae-939f-3ce5-bea5-d50c03e63fa8,4a2eeae3-1d8f-3933-b177-f8b74b103338,Armida530 Nitzsche158,F,GENERAL PRACTICE,17 COURT ST,BOSTON,MA,021082601,42.3590416,-71.0583916,41,0
cbeb4fb4-e22f-3d92-935c-3545ff862903,9adfae03-673d-365d-9052-f705098fa3e4,Daniel959 Wolff180,M,GENERAL PRACTICE,51 BLOSSOM ST,BOSTON,MA,021142699,42.36305545,-71.06643399281765,129,0
1f6638c8-3e5e-3208-96da-566013ab8fee,029b3003-b21a-30e7-b84e-0063558fc04b,Russ979 Hills818,M,GENERAL PRACTICE,97 BETHANY RD,FRAMINGHAM,MA,017027237,42.264920202566366,-71.43067623259627,1,0
415b6798-8b23-3793-a9e9-b0266280dfdb,a130ed39-d3a2-3b2a-91fe-0c14f5e26eb2,Chery887 Nicolas769,F,GENERAL PRACTICE,EAST CREEK ROAD,NANTUCKET,MA,025544015,41.273999,-70.091114,10,0
77b444f8-58a9-36af-bfba-861bb95aa267,89171335-b9c0-3326-98d6-a837d432b9fd,Lorette239 Hauck852,F,GENERAL PRACTICE,150 FLANDERS ROAD,LYNN,MA,019042915,42.466763,-70.9494939,103,0
8d5a8944-3d5f-3598-82b4-642daf2b96da,c1a85a41-6758-3edc-95ec-238b8ac72a40,Wilhemina814 Lesch175,F,GENERAL PRACTICE,65 CENTRAL ST,GEORGETOWN,MA,018332112,42.7211656,-70.99324119227308,40,0
df460983-cdc2-34e6-be99-b39508e1c2ae,01bde980-bf89-3138-8912-7360dff33247,Caroline183 Lang846,F,GENERAL PRACTICE,456 PARK AVE,WORCESTER,MA,016101254,42.25512735,-71.82580924803523,2,0
b5c74c36-517d-3b28-a4bd-a9fd32b36111,979d5316-97f4-335d-af9d-d0afba85dc6a,Nicolás801 Velasco179,M,GENERAL PRACTICE,57 PROSPECT ST,NANTUCKET,MA,025542799,41.27514065,-70.10108985970798,163,0
3b83c76d-29f1-34d5-a3b6-78c81366eccf,8a6e21d0-da20-3378-8176-4e5ad2b51983,Wes853 Torphy630,M,GENERAL PRACTICE,84 ELM STREET,HOLLISTON,MA,017462138,42.20234485,-71.42493275079366,17,0
05961f13-2d33-3fec-b773-dcd4ddc9c9d7,4e56c7ec-99e5-3023-8e4f-95ad18a03f06,Regenia619 Bosco882,F,GENERAL PRACTICE,28 RIVERSIDE DR STE 101,PEMBROKE,MA,023594947,42.11004715,-70.77534154695786,65,0
89aa0692-f028-310b-9142-3aaae0963468,e2a8b444-9b8f-36ff-84c4-05ee98589482,Francisco472 Gusikowski974,F,GENERAL PRACTICE,8 SHIPWAY PL # C-8,CHARLESTOWN,MA,021294301,42.3778749,-71.0619957,50,0
9ed01a11-a824-38df-a764-173759adf330,e0cc7e8e-e1a4-3a02-b589-0a35741d39fe,Alla648 Towne435,F,GENERAL PRACTICE,990 PARADISE RD,SWAMPSCOTT,MA,019071831,42.48374535000001,-70.90120467000462,51,0
b1e30929-b0cd-3253-bb49-7964dd0f9697,18d2c9c2-4b92-3664-9b8e-419aff3ce942,Raymon366 Block661,M,GENERAL PRACTICE,175 GROVE STREET,BRAINTREE,MA,021847253,42.19127375,-70.99279579751581,2,0
994cc5aa-0656-3161-b249-adbb0e4a54d2,121b0ad1-1beb-3caa-9271-3d3f726bb727,Kyoko885 Price929,F,GENERAL PRACTICE,1030 MAIN STREET,WALTHAM,MA,024517447,42.375828,-71.2527956,4,0
6c6e2b6d-9ee8-304b-8df7-ae6fd89dc07a,9ba25035-53e5-344b-9b9e-94331a58d1d4,Lucilla742 Schultz619,F,GENERAL PRACTICE,420 MAIN ST,WALPOLE,MA,020812553,42.161882199999994,-71.2388707178431,106,0
7b1b060a-df17-3397-9871-703b8a155554,0a2252ba-33de-322f-8f0a-e5b0141f1780,Hue920 Block661,F,GENERAL PRACTICE,632 BLUE  HILL AVENUE,DORCHESTER,MA,021213213,42.2941088,-71.0885355,31,0
9efbc3f8-f9fa-3a65-b883-8f9335f2e9d4,f3a64526-e8aa-36bb-ac9a-4a6b9fd7d0f6,Toby274 Corkery305,F,GENERAL PRACTICE,385 GROVE ST,WORCESTER,MA,016062726,42.286333299999995,-71.80745147942015,44,0
45445165-b77f-3a0a-8ab0-f6bdd665e467,4f029aea-a3f7-3429-a477-45cfe183c3f9,Marchelle563 Lesch175,F,GENERAL PRACTICE,1675 NORTH MAIN STREET,LANCASTER,MA,015232405,42.4761132,-71.6873032,6,0
6d10bd81-aec7-3829-bc4c-db0c67b29fa0,37854499-6b19-35d5-a5ba-dde729c2c3a3,Cherryl901 Hoppe518,F,GENERAL PRACTICE,97 LIBBEY INDUSTRIAL PARKWAY,WEYMOUTH,MA,021893110,42.19322885,-70.94589987654936,16,0
1da5cddc-b266-302b-89c3-ab1f9416d757,67cade01-dcfe-37b7-8e2c-b712d9e6fbba,Terrence276 Wintheiser220,M,GENERAL PRACTICE,694 MAIN ST,HOLDEN,MA,015201862,42.3406819,-71.8390289,45,0
5a2d4fa0-9d82-3ae0-b87d-f63500b1f16e,b954c464-11ea-312b-a3f8-1350775bfa54,Rupert654 Walker122,M,GENERAL PRACTICE,123 CAPTAIN'S ROW,CHELSEA,MA,021504019,42.3917638,-71.0328284,1,0
fd25beef-d22c-3cca-95c2-90f51d4a50a4,4d3ec6c2-f6aa-3d7b-adcc-e7107dac8530,Armand155 Schultz619,M,GENERAL PRACTICE,14 MASONIC CIRCLE,AUBURN,MA,015011341,42.181923125,-71.86839612499999,10,0
b24a1a32-819b-39e0-a543-d93bac450a8d,7cb70963-6f86-3eab-a12b-88deb31de793,Katelynn452 Ledner144,F,GENERAL PRACTICE,18 DANA HILL ROAD,STERLING,MA,015642414,42.4106904,-71.7976286731579,8,0
a22d701b-8cfe-3b28-b12d-8161ceb92c41,95f6c328-96dd-3fb8-a56e-9aad566094b4,Milda157 Schoen8,F,GENERAL PRACTICE,4 STONY HILL ROAD,WILBRAHAM,MA,010951027,42.1552861,-72.48384800788648,4,0
2349fbc4-1a74-3fc0-9531-53cd25b8d99a,485ae27b-c5ba-3fd0-9a16-c9eea20be185,Alejandro916 Kris249,M,GENERAL PRACTICE,275 MARTINE STREET  SUITE 202,FALL RIVER,MA,027231518,41.68393816525316,-71.1220830626733,2,0
611cefe9-8da0-3792-a71b-8d191c37755a,91808f17-7583-32a3-aa55-23b131b327c7,Leonie332 Wunsch504,F,GENERAL PRACTICE,200 CORDWAINER DR,NORWELL,MA,020611671,42.16352995,-70.8846291501739,50,0
8e0f92a4-9d6a-39b5-b51b-1a6476bdf254,20f63278-6709-3195-b767-782d2a10bd5c,Jamie386 Krajcik437,M,GENERAL PRACTICE,640 CONCORD AVENUE,CAMBRIDGE,MA,021381116,42.389222000000004,-71.14799280677965,11,0
b1fff4af-1d0e-35f3-904c-39e63a143cf7,c05d73d0-b348-32ce-9fe5-13a720950f37,Rema399 McDermott739,F,GENERAL PRACTICE,45 DRUM HILL RD,CHELMSFORD,MA,018241503,42.6255635,-71.3615131,2,0
4ce793af-3adf-358a-ad4f-4c586438bae5,e2d88cfd-5294-39cb-8580-4661141bfaa1,Jan231 Ernser583,M,GENERAL PRACTICE,195 PLEASANT ST,ATTLEBORO,MA,027032419,41.9502721,-71.27325564751882,1,0
3195babb-35a0-39d9-8fc1-a9078937d4d0,0592d4e5-a0fb-3143-83cd-8e5a6b066a96,Vicente970 Gallardo890,M,GENERAL PRACTICE,20 EAST ST,HANOVER,MA,023391638,42.1278249,-70.82664947485381,30,0
813501e0-33b3-3ec0-b00b-83576703ac60,c67ca7ed-4769-3b6c-a0a9-993f1227ff10,Allen322 Veum823,M,GENERAL PRACTICE,1 BLACKBURN DR,GLOUCESTER,MA,019302237,42.6269312,-70.65555242413386,25,0
fd983fec-f625-3417-9f1f-9f6b2486bb3b,ba07b31b-bf14-39b8-be95-4c5ca5062daa,Kim439 Hyatt152,M,GENERAL PRACTICE,1575 CAMBRIDGE ST,CAMBRIDGE,MA,021384308,42.375209549999994,-71.10711344152975,20,0
887662ec-f096-3180-a9bf-35b85babccc9,6aae7a31-90df-3455-ad8d-81f8cf2d21e8,Damaris45 Funk324,F,GENERAL PRACTICE,680 CENTRE ST,BROCKTON,MA,023023308,42.0872752,-70.9910738855076,112,0
19a764c9-4eb4-33f2-9a77-99190e597bae,104079d4-560e-3eb8-9a48-d495835a3997,Nevada145 Schmeler639,F,GENERAL PRACTICE,68 CAMP ST,MASHPEE,MA,026493465,41.6484421,-70.4811383,66,0
